#-----------------------------------------------------------
# Vivado v2025.1 (64-bit)
# SW Build 6140274 on Wed May 21 22:58:25 MDT 2025
# IP Build 6138677 on Thu May 22 03:10:11 MDT 2025
# SharedData Build 6139179 on Tue May 20 17:58:58 MDT 2025
# Start of session at: Fri Nov 21 13:15:48 2025
# Process ID         : 5579
# Current directory  : /home/luca/MyProjects/tb_platform
# Command line       : vivado tb_platform.xpr
# Log file           : /home/luca/MyProjects/tb_platform/vivado.log
# Journal file       : /home/luca/MyProjects/tb_platform/vivado.jou
# Running On         : luca-pc
# Platform           : Ubuntu
# Operating System   : Ubuntu 24.04.3 LTS
# Processor Detail   : AMD Ryzen 7 5700U with Radeon Graphics
# CPU Frequency      : 1114.000 MHz
# CPU Physical cores : 8
# CPU Logical cores  : 16
# Host memory        : 14489 MB
# Swap memory        : 4294 MB
# Total Virtual      : 18784 MB
# Available Virtual  : 17352 MB
#-----------------------------------------------------------
start_gui
WARNING: [Board 49-26] cannot add Board Part xilinx.com:ac701:part0:1.4 available at /tools/Xilinx/2025.1/data/xhub/boards/XilinxBoardStore/boards/Xilinx/ac701/1.4/board.xml as part xc7a200tfbg676-2 specified in board_part file is either invalid or not available
WARNING: [Board 49-26] cannot add Board Part xilinx.com:emb-plus-vpr-4616:part0:1.0 available at /tools/Xilinx/2025.1/data/xhub/boards/XilinxBoardStore/boards/Xilinx/emb-plus-vpr-4616/1.0/board.xml as part xcve2302-sfva784-2mp-e-s specified in board_part file is either invalid or not available
WARNING: [Board 49-26] cannot add Board Part xilinx.com:emb-plus-vpr-4616:part0:1.1 available at /tools/Xilinx/2025.1/data/xhub/boards/XilinxBoardStore/boards/Xilinx/emb-plus-vpr-4616/1.1/board.xml as part xcve2302-sfva784-2mp-e-s specified in board_part file is either invalid or not available
WARNING: [Board 49-26] cannot add Board Part xilinx.com:k24c:part0:1.0 available at /tools/Xilinx/2025.1/data/xhub/boards/XilinxBoardStore/boards/Xilinx/k24c/1.0/board.xml as part xck24-ubva530-2lv-c specified in board_part file is either invalid or not available
WARNING: [Board 49-26] cannot add Board Part xilinx.com:k24c:part0:1.1 available at /tools/Xilinx/2025.1/data/xhub/boards/XilinxBoardStore/boards/Xilinx/k24c/1.1/board.xml as part xck24-ubva530-2lv-c specified in board_part file is either invalid or not available
WARNING: [Board 49-26] cannot add Board Part xilinx.com:k24i:part0:1.0 available at /tools/Xilinx/2025.1/data/xhub/boards/XilinxBoardStore/boards/Xilinx/k24i/1.0/board.xml as part xck24-ubva530-2lvi-i specified in board_part file is either invalid or not available
WARNING: [Board 49-26] cannot add Board Part xilinx.com:k26c:part0:1.2 available at /tools/Xilinx/2025.1/data/xhub/boards/XilinxBoardStore/boards/Xilinx/k26c/1.2/board.xml as part xck26-sfvc784-2lv-c specified in board_part file is either invalid or not available
WARNING: [Board 49-26] cannot add Board Part xilinx.com:k26c:part0:1.3 available at /tools/Xilinx/2025.1/data/xhub/boards/XilinxBoardStore/boards/Xilinx/k26c/1.3/board.xml as part xck26-sfvc784-2lv-c specified in board_part file is either invalid or not available
WARNING: [Board 49-26] cannot add Board Part xilinx.com:k26c:part0:1.4 available at /tools/Xilinx/2025.1/data/xhub/boards/XilinxBoardStore/boards/Xilinx/k26c/1.4/board.xml as part xck26-sfvc784-2lv-c specified in board_part file is either invalid or not available
WARNING: [Board 49-26] cannot add Board Part xilinx.com:k26i:part0:1.2 available at /tools/Xilinx/2025.1/data/xhub/boards/XilinxBoardStore/boards/Xilinx/k26i/1.2/board.xml as part xck26-sfvc784-2lvi-i specified in board_part file is either invalid or not available
WARNING: [Board 49-26] cannot add Board Part xilinx.com:k26i:part0:1.3 available at /tools/Xilinx/2025.1/data/xhub/boards/XilinxBoardStore/boards/Xilinx/k26i/1.3/board.xml as part xck26-sfvc784-2lvi-i specified in board_part file is either invalid or not available
WARNING: [Board 49-26] cannot add Board Part xilinx.com:k26i:part0:1.4 available at /tools/Xilinx/2025.1/data/xhub/boards/XilinxBoardStore/boards/Xilinx/k26i/1.4/board.xml as part xck26-sfvc784-2lvi-i specified in board_part file is either invalid or not available
WARNING: [Board 49-26] cannot add Board Part xilinx.com:kc705:part0:1.6 available at /tools/Xilinx/2025.1/data/xhub/boards/XilinxBoardStore/boards/Xilinx/kc705/1.6/board.xml as part xc7k325tffg900-2 specified in board_part file is either invalid or not available
WARNING: [Board 49-26] cannot add Board Part xilinx.com:kc705:part0:1.7 available at /tools/Xilinx/2025.1/data/xhub/boards/XilinxBoardStore/boards/Xilinx/kc705/1.7/board.xml as part xc7k325tffg900-2 specified in board_part file is either invalid or not available
WARNING: [Board 49-26] cannot add Board Part xilinx.com:kcu105:part0:1.6 available at /tools/Xilinx/2025.1/data/xhub/boards/XilinxBoardStore/boards/Xilinx/kcu105/1.6/board.xml as part xcku040-ffva1156-2-e specified in board_part file is either invalid or not available
WARNING: [Board 49-26] cannot add Board Part xilinx.com:kcu105:part0:1.7 available at /tools/Xilinx/2025.1/data/xhub/boards/XilinxBoardStore/boards/Xilinx/kcu105/1.7/board.xml as part xcku040-ffva1156-2-e specified in board_part file is either invalid or not available
WARNING: [Board 49-26] cannot add Board Part xilinx.com:kcu116:part0:1.4 available at /tools/Xilinx/2025.1/data/xhub/boards/XilinxBoardStore/boards/Xilinx/kcu116/1.4/board.xml as part xcku5p-ffvb676-2-e specified in board_part file is either invalid or not available
WARNING: [Board 49-26] cannot add Board Part xilinx.com:kcu116:part0:1.5 available at /tools/Xilinx/2025.1/data/xhub/boards/XilinxBoardStore/boards/Xilinx/kcu116/1.5/board.xml as part xcku5p-ffvb676-2-e specified in board_part file is either invalid or not available
WARNING: [Board 49-26] cannot add Board Part xilinx.com:kcu1500:part0:1.2 available at /tools/Xilinx/2025.1/data/xhub/boards/XilinxBoardStore/boards/Xilinx/kcu1500/1.2/board.xml as part xcku115-flvb2104-2-e specified in board_part file is either invalid or not available
WARNING: [Board 49-26] cannot add Board Part xilinx.com:kd240_som:part0:1.0 available at /tools/Xilinx/2025.1/data/xhub/boards/XilinxBoardStore/boards/Xilinx/kd240_som/1.0/board.xml as part xck24-ubva530-2lv-c specified in board_part file is either invalid or not available
WARNING: [Board 49-26] cannot add Board Part xilinx.com:kd240_som:part0:1.1 available at /tools/Xilinx/2025.1/data/xhub/boards/XilinxBoardStore/boards/Xilinx/kd240_som/1.1/board.xml as part xck24-ubva530-2lv-c specified in board_part file is either invalid or not available
WARNING: [Board 49-26] cannot add Board Part xilinx.com:kr260_som:part0:1.0 available at /tools/Xilinx/2025.1/data/xhub/boards/XilinxBoardStore/boards/Xilinx/kr260_som/1.0/board.xml as part xck26-sfvc784-2lv-c specified in board_part file is either invalid or not available
WARNING: [Board 49-26] cannot add Board Part xilinx.com:kr260_som:part0:1.1 available at /tools/Xilinx/2025.1/data/xhub/boards/XilinxBoardStore/boards/Xilinx/kr260_som/1.1/board.xml as part xck26-sfvc784-2lv-c specified in board_part file is either invalid or not available
WARNING: [Board 49-26] cannot add Board Part xilinx.com:kv260_som:part0:1.2 available at /tools/Xilinx/2025.1/data/xhub/boards/XilinxBoardStore/boards/Xilinx/kv260_som/1.2/board.xml as part xck26-sfvc784-2lv-c specified in board_part file is either invalid or not available
WARNING: [Board 49-26] cannot add Board Part xilinx.com:kv260_som:part0:1.3 available at /tools/Xilinx/2025.1/data/xhub/boards/XilinxBoardStore/boards/Xilinx/kv260_som/1.3/board.xml as part xck26-sfvc784-2lv-c specified in board_part file is either invalid or not available
WARNING: [Board 49-26] cannot add Board Part xilinx.com:kv260_som:part0:1.4 available at /tools/Xilinx/2025.1/data/xhub/boards/XilinxBoardStore/boards/Xilinx/kv260_som/1.4/board.xml as part xck26-sfvc784-2lv-c specified in board_part file is either invalid or not available
WARNING: [Board 49-26] cannot add Board Part xilinx.com:scu35:part0:1.0 available at /tools/Xilinx/2025.1/data/xhub/boards/XilinxBoardStore/boards/Xilinx/scu35/1.0/board.xml as part xcsu35p-sbvb625-2-e specified in board_part file is either invalid or not available
WARNING: [Board 49-26] cannot add Board Part xilinx.com:sp701:part0:1.0 available at /tools/Xilinx/2025.1/data/xhub/boards/XilinxBoardStore/boards/Xilinx/sp701/1.0/board.xml as part xc7s100fgga676-2 specified in board_part file is either invalid or not available
WARNING: [Board 49-26] cannot add Board Part xilinx.com:sp701:part0:1.1 available at /tools/Xilinx/2025.1/data/xhub/boards/XilinxBoardStore/boards/Xilinx/sp701/1.1/board.xml as part xc7s100fgga676-2 specified in board_part file is either invalid or not available
WARNING: [Board 49-26] cannot add Board Part xilinx.com:v80:part0:1.0 available at /tools/Xilinx/2025.1/data/xhub/boards/XilinxBoardStore/boards/Xilinx/v80/1.0/board.xml as part xcv80-lsva4737-2mhp-e-s specified in board_part file is either invalid or not available
WARNING: [Board 49-26] cannot add Board Part xilinx.com:vc707:part0:1.4 available at /tools/Xilinx/2025.1/data/xhub/boards/XilinxBoardStore/boards/Xilinx/vc707/1.4/board.xml as part xc7vx485tffg1761-2 specified in board_part file is either invalid or not available
WARNING: [Board 49-26] cannot add Board Part xilinx.com:vc707:part0:1.5 available at /tools/Xilinx/2025.1/data/xhub/boards/XilinxBoardStore/boards/Xilinx/vc707/1.5/board.xml as part xc7vx485tffg1761-2 specified in board_part file is either invalid or not available
WARNING: [Board 49-26] cannot add Board Part xilinx.com:vc709:part0:1.8 available at /tools/Xilinx/2025.1/data/xhub/boards/XilinxBoardStore/boards/Xilinx/vc709/1.8/board.xml as part xc7vx690tffg1761-2 specified in board_part file is either invalid or not available
WARNING: [Board 49-26] cannot add Board Part xilinx.com:vck190:part0:2.2 available at /tools/Xilinx/2025.1/data/xhub/boards/XilinxBoardStore/boards/Xilinx/vck190/production/2.2/board.xml as part xcvc1902-vsva2197-2mp-e-s specified in board_part file is either invalid or not available
WARNING: [Board 49-26] cannot add Board Part xilinx.com:vck190:part0:3.0 available at /tools/Xilinx/2025.1/data/xhub/boards/XilinxBoardStore/boards/Xilinx/vck190/production/3.0/board.xml as part xcvc1902-vsva2197-2mp-e-s specified in board_part file is either invalid or not available
WARNING: [Board 49-26] cannot add Board Part xilinx.com:vck190:part0:3.1 available at /tools/Xilinx/2025.1/data/xhub/boards/XilinxBoardStore/boards/Xilinx/vck190/production/3.1/board.xml as part xcvc1902-vsva2197-2mp-e-s specified in board_part file is either invalid or not available
WARNING: [Board 49-26] cannot add Board Part xilinx.com:vck190:part0:3.2 available at /tools/Xilinx/2025.1/data/xhub/boards/XilinxBoardStore/boards/Xilinx/vck190/production/3.2/board.xml as part xcvc1902-vsva2197-2mp-e-s specified in board_part file is either invalid or not available
WARNING: [Board 49-26] cannot add Board Part xilinx.com:vck190:part0:3.3 available at /tools/Xilinx/2025.1/data/xhub/boards/XilinxBoardStore/boards/Xilinx/vck190/production/3.3/board.xml as part xcvc1902-vsva2197-2mp-e-s specified in board_part file is either invalid or not available
WARNING: [Board 49-26] cannot add Board Part xilinx.com:vck190:part0:3.4 available at /tools/Xilinx/2025.1/data/xhub/boards/XilinxBoardStore/boards/Xilinx/vck190/production/3.4/board.xml as part xcvc1902-vsva2197-2mp-e-s specified in board_part file is either invalid or not available
WARNING: [Board 49-26] cannot add Board Part xilinx.com:vck190_newl:part0:1.0 available at /tools/Xilinx/2025.1/data/xhub/boards/XilinxBoardStore/boards/Xilinx/vck190_newl/production/1.0/board.xml as part xcvc1902-vsva2197-2mp-e-s specified in board_part file is either invalid or not available
WARNING: [Board 49-26] cannot add Board Part xilinx.com:vck190_newl:part0:1.1 available at /tools/Xilinx/2025.1/data/xhub/boards/XilinxBoardStore/boards/Xilinx/vck190_newl/production/1.1/board.xml as part xcvc1902-vsva2197-2mp-e-s specified in board_part file is either invalid or not available
WARNING: [Board 49-26] cannot add Board Part xilinx.com:vck190_newl:part0:1.2 available at /tools/Xilinx/2025.1/data/xhub/boards/XilinxBoardStore/boards/Xilinx/vck190_newl/production/1.2/board.xml as part xcvc1902-vsva2197-2mp-e-s specified in board_part file is either invalid or not available
WARNING: [Board 49-26] cannot add Board Part xilinx.com:vck190_newl:part0:1.3 available at /tools/Xilinx/2025.1/data/xhub/boards/XilinxBoardStore/boards/Xilinx/vck190_newl/production/1.3/board.xml as part xcvc1902-vsva2197-2mp-e-s specified in board_part file is either invalid or not available
WARNING: [Board 49-26] cannot add Board Part xilinx.com:vcu108:part0:1.6 available at /tools/Xilinx/2025.1/data/xhub/boards/XilinxBoardStore/boards/Xilinx/vcu108/1.6/board.xml as part xcvu095-ffva2104-2-e specified in board_part file is either invalid or not available
WARNING: [Board 49-26] cannot add Board Part xilinx.com:vcu108:part0:1.7 available at /tools/Xilinx/2025.1/data/xhub/boards/XilinxBoardStore/boards/Xilinx/vcu108/1.7/board.xml as part xcvu095-ffva2104-2-e specified in board_part file is either invalid or not available
WARNING: [Board 49-26] cannot add Board Part xilinx.com:vcu110:part0:1.4 available at /tools/Xilinx/2025.1/data/xhub/boards/XilinxBoardStore/boards/Xilinx/vcu110/1.4/board.xml as part xcvu190-flgc2104-2-e specified in board_part file is either invalid or not available
WARNING: [Board 49-26] cannot add Board Part xilinx.com:vcu118:part0:2.0 available at /tools/Xilinx/2025.1/data/xhub/boards/XilinxBoardStore/boards/Xilinx/vcu118/2.0/board.xml as part xcvu9p-flga2104-2l-e specified in board_part file is either invalid or not available
WARNING: [Board 49-26] cannot add Board Part xilinx.com:vcu118:part0:2.3 available at /tools/Xilinx/2025.1/data/xhub/boards/XilinxBoardStore/boards/Xilinx/vcu118/2.3/board.xml as part xcvu9p-flga2104-2l-e specified in board_part file is either invalid or not available
WARNING: [Board 49-26] cannot add Board Part xilinx.com:vcu118:part0:2.4 available at /tools/Xilinx/2025.1/data/xhub/boards/XilinxBoardStore/boards/Xilinx/vcu118/2.4/board.xml as part xcvu9p-flga2104-2l-e specified in board_part file is either invalid or not available
WARNING: [Board 49-26] cannot add Board Part xilinx.com:vcu128:part0:1.0 available at /tools/Xilinx/2025.1/data/xhub/boards/XilinxBoardStore/boards/Xilinx/vcu128/production/1.0/board.xml as part xcvu37p-fsvh2892-2l-e specified in board_part file is either invalid or not available
WARNING: [Board 49-26] cannot add Board Part xilinx.com:vcu129:part0:1.0 available at /tools/Xilinx/2025.1/data/xhub/boards/XilinxBoardStore/boards/Xilinx/vcu129/production/1.0/board.xml as part xcvu29p-fsga2577-2l-e specified in board_part file is either invalid or not available
WARNING: [Board 49-26] cannot add Board Part xilinx.com:vcu1525:part0:1.3 available at /tools/Xilinx/2025.1/data/xhub/boards/XilinxBoardStore/boards/Xilinx/vcu1525/1.3/board.xml as part xcvu9p-fsgd2104-2l-e specified in board_part file is either invalid or not available
WARNING: [Board 49-26] cannot add Board Part xilinx.com:vek280:part0:1.0 available at /tools/Xilinx/2025.1/data/xhub/boards/XilinxBoardStore/boards/Xilinx/vek280/production/1.0/board.xml as part xcve2802-vsvh1760-2mp-e-s specified in board_part file is either invalid or not available
WARNING: [Board 49-26] cannot add Board Part xilinx.com:vek280:part0:1.1 available at /tools/Xilinx/2025.1/data/xhub/boards/XilinxBoardStore/boards/Xilinx/vek280/production/1.1/board.xml as part xcve2802-vsvh1760-2mp-e-s specified in board_part file is either invalid or not available
WARNING: [Board 49-26] cannot add Board Part xilinx.com:vek280:part0:1.2 available at /tools/Xilinx/2025.1/data/xhub/boards/XilinxBoardStore/boards/Xilinx/vek280/production/1.2/board.xml as part xcve2802-vsvh1760-2mp-e-s specified in board_part file is either invalid or not available
WARNING: [Board 49-26] cannot add Board Part xilinx.com:vek385:part0:1.0 available at /tools/Xilinx/2025.1/data/xhub/boards/XilinxBoardStore/boards/Xilinx/vek385/1.0/board.xml as part xc2ve3858-ssva2112-2mp-e-s specified in board_part file is either invalid or not available
WARNING: [Board 49-26] cannot add Board Part xilinx.com:vermeo_t1_mpsoc:part0:1.0 available at /tools/Xilinx/2025.1/data/xhub/boards/XilinxBoardStore/boards/Xilinx/vermeo_t1_mpsoc/1.0/board.xml as part xczu19eg-ffvd1760-2l-e specified in board_part file is either invalid or not available
WARNING: [Board 49-26] cannot add Board Part xilinx.com:vermeo_t1_rfsoc:part0:1.0 available at /tools/Xilinx/2025.1/data/xhub/boards/XilinxBoardStore/boards/Xilinx/vermeo_t1_rfsoc/1.0/board.xml as part xczu21dr-ffvd1156-2l-e specified in board_part file is either invalid or not available
WARNING: [Board 49-26] cannot add Board Part xilinx.com:vhk158:part0:1.0 available at /tools/Xilinx/2025.1/data/xhub/boards/XilinxBoardStore/boards/Xilinx/vhk158/production/1.0/board.xml as part xcvh1582-vsva3697-2mp-e-s specified in board_part file is either invalid or not available
WARNING: [Board 49-26] cannot add Board Part xilinx.com:vhk158:part0:1.1 available at /tools/Xilinx/2025.1/data/xhub/boards/XilinxBoardStore/boards/Xilinx/vhk158/production/1.1/board.xml as part xcvh1582-vsva3697-2mp-e-s specified in board_part file is either invalid or not available
WARNING: [Board 49-26] cannot add Board Part xilinx.com:vhk158:part0:1.2 available at /tools/Xilinx/2025.1/data/xhub/boards/XilinxBoardStore/boards/Xilinx/vhk158/production/1.2/board.xml as part xcvh1582-vsva3697-2mp-e-s specified in board_part file is either invalid or not available
WARNING: [Board 49-26] cannot add Board Part xilinx.com:vmk180:part0:2.2 available at /tools/Xilinx/2025.1/data/xhub/boards/XilinxBoardStore/boards/Xilinx/vmk180/production/2.2/board.xml as part xcvm1802-vsva2197-2mp-e-s specified in board_part file is either invalid or not available
WARNING: [Board 49-26] cannot add Board Part xilinx.com:vmk180:part0:3.0 available at /tools/Xilinx/2025.1/data/xhub/boards/XilinxBoardStore/boards/Xilinx/vmk180/production/3.0/board.xml as part xcvm1802-vsva2197-2mp-e-s specified in board_part file is either invalid or not available
WARNING: [Board 49-26] cannot add Board Part xilinx.com:vmk180:part0:3.1 available at /tools/Xilinx/2025.1/data/xhub/boards/XilinxBoardStore/boards/Xilinx/vmk180/production/3.1/board.xml as part xcvm1802-vsva2197-2mp-e-s specified in board_part file is either invalid or not available
WARNING: [Board 49-26] cannot add Board Part xilinx.com:vmk180:part0:3.2 available at /tools/Xilinx/2025.1/data/xhub/boards/XilinxBoardStore/boards/Xilinx/vmk180/production/3.2/board.xml as part xcvm1802-vsva2197-2mp-e-s specified in board_part file is either invalid or not available
WARNING: [Board 49-26] cannot add Board Part xilinx.com:vmk180:part0:3.3 available at /tools/Xilinx/2025.1/data/xhub/boards/XilinxBoardStore/boards/Xilinx/vmk180/production/3.3/board.xml as part xcvm1802-vsva2197-2mp-e-s specified in board_part file is either invalid or not available
WARNING: [Board 49-26] cannot add Board Part xilinx.com:vmk180_newl:part0:1.0 available at /tools/Xilinx/2025.1/data/xhub/boards/XilinxBoardStore/boards/Xilinx/vmk180_newl/production/1.0/board.xml as part xcvm1802-vsva2197-2mp-e-s specified in board_part file is either invalid or not available
WARNING: [Board 49-26] cannot add Board Part xilinx.com:vmk180_newl:part0:1.1 available at /tools/Xilinx/2025.1/data/xhub/boards/XilinxBoardStore/boards/Xilinx/vmk180_newl/production/1.1/board.xml as part xcvm1802-vsva2197-2mp-e-s specified in board_part file is either invalid or not available
WARNING: [Board 49-26] cannot add Board Part xilinx.com:vpk120:part0:1.0 available at /tools/Xilinx/2025.1/data/xhub/boards/XilinxBoardStore/boards/Xilinx/vpk120/production/1.0/board.xml as part xcvp1202-vsva2785-2mp-e-s specified in board_part file is either invalid or not available
WARNING: [Board 49-26] cannot add Board Part xilinx.com:vpk120:part0:1.1 available at /tools/Xilinx/2025.1/data/xhub/boards/XilinxBoardStore/boards/Xilinx/vpk120/production/1.1/board.xml as part xcvp1202-vsva2785-2mp-e-s specified in board_part file is either invalid or not available
WARNING: [Board 49-26] cannot add Board Part xilinx.com:vpk120:part0:1.2 available at /tools/Xilinx/2025.1/data/xhub/boards/XilinxBoardStore/boards/Xilinx/vpk120/production/1.2/board.xml as part xcvp1202-vsva2785-2mp-e-s specified in board_part file is either invalid or not available
WARNING: [Board 49-26] cannot add Board Part xilinx.com:vpk180:part0:1.0 available at /tools/Xilinx/2025.1/data/xhub/boards/XilinxBoardStore/boards/Xilinx/vpk180/production/1.0/board.xml as part xcvp1802-lsvc4072-2mp-e-s specified in board_part file is either invalid or not available
WARNING: [Board 49-26] cannot add Board Part xilinx.com:vpk180:part0:1.1 available at /tools/Xilinx/2025.1/data/xhub/boards/XilinxBoardStore/boards/Xilinx/vpk180/production/1.1/board.xml as part xcvp1802-lsvc4072-2mp-e-s specified in board_part file is either invalid or not available
WARNING: [Board 49-26] cannot add Board Part xilinx.com:vpk180:part0:1.2 available at /tools/Xilinx/2025.1/data/xhub/boards/XilinxBoardStore/boards/Xilinx/vpk180/production/1.2/board.xml as part xcvp1802-lsvc4072-2mp-e-s specified in board_part file is either invalid or not available
WARNING: [Board 49-26] cannot add Board Part xilinx.com:zcu102:part0:3.3 available at /tools/Xilinx/2025.1/data/xhub/boards/XilinxBoardStore/boards/Xilinx/zcu102/3.3/board.xml as part xczu9eg-ffvb1156-2-e specified in board_part file is either invalid or not available
WARNING: [Board 49-26] cannot add Board Part xilinx.com:zcu102:part0:3.4 available at /tools/Xilinx/2025.1/data/xhub/boards/XilinxBoardStore/boards/Xilinx/zcu102/3.4/board.xml as part xczu9eg-ffvb1156-2-e specified in board_part file is either invalid or not available
WARNING: [Board 49-26] cannot add Board Part xilinx.com:zcu104:part0:1.1 available at /tools/Xilinx/2025.1/data/xhub/boards/XilinxBoardStore/boards/Xilinx/zcu104/1.1/board.xml as part xczu7ev-ffvc1156-2-e specified in board_part file is either invalid or not available
WARNING: [Board 49-26] cannot add Board Part xilinx.com:zcu106:part0:2.4 available at /tools/Xilinx/2025.1/data/xhub/boards/XilinxBoardStore/boards/Xilinx/zcu106/2.4/board.xml as part xczu7ev-ffvc1156-2-e specified in board_part file is either invalid or not available
WARNING: [Board 49-26] cannot add Board Part xilinx.com:zcu106:part0:2.5 available at /tools/Xilinx/2025.1/data/xhub/boards/XilinxBoardStore/boards/Xilinx/zcu106/2.5/board.xml as part xczu7ev-ffvc1156-2-e specified in board_part file is either invalid or not available
WARNING: [Board 49-26] cannot add Board Part xilinx.com:zcu106:part0:2.6 available at /tools/Xilinx/2025.1/data/xhub/boards/XilinxBoardStore/boards/Xilinx/zcu106/2.6/board.xml as part xczu7ev-ffvc1156-2-e specified in board_part file is either invalid or not available
WARNING: [Board 49-26] cannot add Board Part xilinx.com:zcu111:part0:1.2 available at /tools/Xilinx/2025.1/data/xhub/boards/XilinxBoardStore/boards/Xilinx/zcu111/1.2/board.xml as part xczu28dr-ffvg1517-2-e specified in board_part file is either invalid or not available
WARNING: [Board 49-26] cannot add Board Part xilinx.com:zcu111:part0:1.3 available at /tools/Xilinx/2025.1/data/xhub/boards/XilinxBoardStore/boards/Xilinx/zcu111/1.3/board.xml as part xczu28dr-ffvg1517-2-e specified in board_part file is either invalid or not available
WARNING: [Board 49-26] cannot add Board Part xilinx.com:zcu111:part0:1.4 available at /tools/Xilinx/2025.1/data/xhub/boards/XilinxBoardStore/boards/Xilinx/zcu111/1.4/board.xml as part xczu28dr-ffvg1517-2-e specified in board_part file is either invalid or not available
WARNING: [Board 49-26] cannot add Board Part xilinx.com:zcu1275:part0:1.0 available at /tools/Xilinx/2025.1/data/xhub/boards/XilinxBoardStore/boards/Xilinx/zcu1275/1.0/board.xml as part xczu29dr-ffvf1760-2-e specified in board_part file is either invalid or not available
WARNING: [Board 49-26] cannot add Board Part xilinx.com:zcu1285:part0:1.0 available at /tools/Xilinx/2025.1/data/xhub/boards/XilinxBoardStore/boards/Xilinx/zcu1285/1.0/board.xml as part xczu39dr-ffvf1760-2-i specified in board_part file is either invalid or not available
WARNING: [Board 49-26] cannot add Board Part xilinx.com:zcu208:part0:2.0 available at /tools/Xilinx/2025.1/data/xhub/boards/XilinxBoardStore/boards/Xilinx/zcu208/production/2.0/board.xml as part xczu48dr-fsvg1517-2-e specified in board_part file is either invalid or not available
WARNING: [Board 49-26] cannot add Board Part xilinx.com:zcu208ld:part0:2.0 available at /tools/Xilinx/2025.1/data/xhub/boards/XilinxBoardStore/boards/Xilinx/zcu208ld/production/2.0/board.xml as part xczu58dr-fsvg1517-2-i specified in board_part file is either invalid or not available
WARNING: [Board 49-26] cannot add Board Part xilinx.com:zcu216:part0:2.0 available at /tools/Xilinx/2025.1/data/xhub/boards/XilinxBoardStore/boards/Xilinx/zcu216/production/2.0/board.xml as part xczu49dr-ffvf1760-2-e specified in board_part file is either invalid or not available
WARNING: [Board 49-26] cannot add Board Part xilinx.com:zcu216ld:part0:2.0 available at /tools/Xilinx/2025.1/data/xhub/boards/XilinxBoardStore/boards/Xilinx/zcu216ld/production/2.0/board.xml as part xczu59dr-ffvf1760-2-i specified in board_part file is either invalid or not available
WARNING: [Board 49-26] cannot add Board Part xilinx.com:zcu670:part0:2.0 available at /tools/Xilinx/2025.1/data/xhub/boards/XilinxBoardStore/boards/Xilinx/zcu670/2.0/board.xml as part xczu67dr-fsve1156-2-i specified in board_part file is either invalid or not available
WARNING: [Board 49-26] cannot add Board Part xilinx.com:zcu670ld:part0:1.0 available at /tools/Xilinx/2025.1/data/xhub/boards/XilinxBoardStore/boards/Xilinx/zcu670ld/1.0/board.xml as part xczu57dr-fsve1156-2-i specified in board_part file is either invalid or not available
open_project tb_platform.xpr
Scanning sources...
Finished scanning sources
WARNING: [Board 49-26] cannot add Board Part xilinx.com:ac701:part0:1.4 available at /tools/Xilinx/2025.1/data/xhub/boards/XilinxBoardStore/boards/Xilinx/ac701/1.4/board.xml as part xc7a200tfbg676-2 specified in board_part file is either invalid or not available
WARNING: [Board 49-26] cannot add Board Part xilinx.com:emb-plus-vpr-4616:part0:1.0 available at /tools/Xilinx/2025.1/data/xhub/boards/XilinxBoardStore/boards/Xilinx/emb-plus-vpr-4616/1.0/board.xml as part xcve2302-sfva784-2mp-e-s specified in board_part file is either invalid or not available
WARNING: [Board 49-26] cannot add Board Part xilinx.com:emb-plus-vpr-4616:part0:1.1 available at /tools/Xilinx/2025.1/data/xhub/boards/XilinxBoardStore/boards/Xilinx/emb-plus-vpr-4616/1.1/board.xml as part xcve2302-sfva784-2mp-e-s specified in board_part file is either invalid or not available
WARNING: [Board 49-26] cannot add Board Part xilinx.com:k24c:part0:1.0 available at /tools/Xilinx/2025.1/data/xhub/boards/XilinxBoardStore/boards/Xilinx/k24c/1.0/board.xml as part xck24-ubva530-2lv-c specified in board_part file is either invalid or not available
WARNING: [Board 49-26] cannot add Board Part xilinx.com:k24c:part0:1.1 available at /tools/Xilinx/2025.1/data/xhub/boards/XilinxBoardStore/boards/Xilinx/k24c/1.1/board.xml as part xck24-ubva530-2lv-c specified in board_part file is either invalid or not available
WARNING: [Board 49-26] cannot add Board Part xilinx.com:k24i:part0:1.0 available at /tools/Xilinx/2025.1/data/xhub/boards/XilinxBoardStore/boards/Xilinx/k24i/1.0/board.xml as part xck24-ubva530-2lvi-i specified in board_part file is either invalid or not available
WARNING: [Board 49-26] cannot add Board Part xilinx.com:k26c:part0:1.2 available at /tools/Xilinx/2025.1/data/xhub/boards/XilinxBoardStore/boards/Xilinx/k26c/1.2/board.xml as part xck26-sfvc784-2lv-c specified in board_part file is either invalid or not available
WARNING: [Board 49-26] cannot add Board Part xilinx.com:k26c:part0:1.3 available at /tools/Xilinx/2025.1/data/xhub/boards/XilinxBoardStore/boards/Xilinx/k26c/1.3/board.xml as part xck26-sfvc784-2lv-c specified in board_part file is either invalid or not available
WARNING: [Board 49-26] cannot add Board Part xilinx.com:k26c:part0:1.4 available at /tools/Xilinx/2025.1/data/xhub/boards/XilinxBoardStore/boards/Xilinx/k26c/1.4/board.xml as part xck26-sfvc784-2lv-c specified in board_part file is either invalid or not available
WARNING: [Board 49-26] cannot add Board Part xilinx.com:k26i:part0:1.2 available at /tools/Xilinx/2025.1/data/xhub/boards/XilinxBoardStore/boards/Xilinx/k26i/1.2/board.xml as part xck26-sfvc784-2lvi-i specified in board_part file is either invalid or not available
WARNING: [Board 49-26] cannot add Board Part xilinx.com:k26i:part0:1.3 available at /tools/Xilinx/2025.1/data/xhub/boards/XilinxBoardStore/boards/Xilinx/k26i/1.3/board.xml as part xck26-sfvc784-2lvi-i specified in board_part file is either invalid or not available
WARNING: [Board 49-26] cannot add Board Part xilinx.com:k26i:part0:1.4 available at /tools/Xilinx/2025.1/data/xhub/boards/XilinxBoardStore/boards/Xilinx/k26i/1.4/board.xml as part xck26-sfvc784-2lvi-i specified in board_part file is either invalid or not available
WARNING: [Board 49-26] cannot add Board Part xilinx.com:kc705:part0:1.6 available at /tools/Xilinx/2025.1/data/xhub/boards/XilinxBoardStore/boards/Xilinx/kc705/1.6/board.xml as part xc7k325tffg900-2 specified in board_part file is either invalid or not available
WARNING: [Board 49-26] cannot add Board Part xilinx.com:kc705:part0:1.7 available at /tools/Xilinx/2025.1/data/xhub/boards/XilinxBoardStore/boards/Xilinx/kc705/1.7/board.xml as part xc7k325tffg900-2 specified in board_part file is either invalid or not available
WARNING: [Board 49-26] cannot add Board Part xilinx.com:kcu105:part0:1.6 available at /tools/Xilinx/2025.1/data/xhub/boards/XilinxBoardStore/boards/Xilinx/kcu105/1.6/board.xml as part xcku040-ffva1156-2-e specified in board_part file is either invalid or not available
WARNING: [Board 49-26] cannot add Board Part xilinx.com:kcu105:part0:1.7 available at /tools/Xilinx/2025.1/data/xhub/boards/XilinxBoardStore/boards/Xilinx/kcu105/1.7/board.xml as part xcku040-ffva1156-2-e specified in board_part file is either invalid or not available
WARNING: [Board 49-26] cannot add Board Part xilinx.com:kcu116:part0:1.4 available at /tools/Xilinx/2025.1/data/xhub/boards/XilinxBoardStore/boards/Xilinx/kcu116/1.4/board.xml as part xcku5p-ffvb676-2-e specified in board_part file is either invalid or not available
WARNING: [Board 49-26] cannot add Board Part xilinx.com:kcu116:part0:1.5 available at /tools/Xilinx/2025.1/data/xhub/boards/XilinxBoardStore/boards/Xilinx/kcu116/1.5/board.xml as part xcku5p-ffvb676-2-e specified in board_part file is either invalid or not available
WARNING: [Board 49-26] cannot add Board Part xilinx.com:kcu1500:part0:1.2 available at /tools/Xilinx/2025.1/data/xhub/boards/XilinxBoardStore/boards/Xilinx/kcu1500/1.2/board.xml as part xcku115-flvb2104-2-e specified in board_part file is either invalid or not available
WARNING: [Board 49-26] cannot add Board Part xilinx.com:kd240_som:part0:1.0 available at /tools/Xilinx/2025.1/data/xhub/boards/XilinxBoardStore/boards/Xilinx/kd240_som/1.0/board.xml as part xck24-ubva530-2lv-c specified in board_part file is either invalid or not available
WARNING: [Board 49-26] cannot add Board Part xilinx.com:kd240_som:part0:1.1 available at /tools/Xilinx/2025.1/data/xhub/boards/XilinxBoardStore/boards/Xilinx/kd240_som/1.1/board.xml as part xck24-ubva530-2lv-c specified in board_part file is either invalid or not available
WARNING: [Board 49-26] cannot add Board Part xilinx.com:kr260_som:part0:1.0 available at /tools/Xilinx/2025.1/data/xhub/boards/XilinxBoardStore/boards/Xilinx/kr260_som/1.0/board.xml as part xck26-sfvc784-2lv-c specified in board_part file is either invalid or not available
WARNING: [Board 49-26] cannot add Board Part xilinx.com:kr260_som:part0:1.1 available at /tools/Xilinx/2025.1/data/xhub/boards/XilinxBoardStore/boards/Xilinx/kr260_som/1.1/board.xml as part xck26-sfvc784-2lv-c specified in board_part file is either invalid or not available
WARNING: [Board 49-26] cannot add Board Part xilinx.com:kv260_som:part0:1.2 available at /tools/Xilinx/2025.1/data/xhub/boards/XilinxBoardStore/boards/Xilinx/kv260_som/1.2/board.xml as part xck26-sfvc784-2lv-c specified in board_part file is either invalid or not available
WARNING: [Board 49-26] cannot add Board Part xilinx.com:kv260_som:part0:1.3 available at /tools/Xilinx/2025.1/data/xhub/boards/XilinxBoardStore/boards/Xilinx/kv260_som/1.3/board.xml as part xck26-sfvc784-2lv-c specified in board_part file is either invalid or not available
WARNING: [Board 49-26] cannot add Board Part xilinx.com:kv260_som:part0:1.4 available at /tools/Xilinx/2025.1/data/xhub/boards/XilinxBoardStore/boards/Xilinx/kv260_som/1.4/board.xml as part xck26-sfvc784-2lv-c specified in board_part file is either invalid or not available
WARNING: [Board 49-26] cannot add Board Part xilinx.com:scu35:part0:1.0 available at /tools/Xilinx/2025.1/data/xhub/boards/XilinxBoardStore/boards/Xilinx/scu35/1.0/board.xml as part xcsu35p-sbvb625-2-e specified in board_part file is either invalid or not available
WARNING: [Board 49-26] cannot add Board Part xilinx.com:sp701:part0:1.0 available at /tools/Xilinx/2025.1/data/xhub/boards/XilinxBoardStore/boards/Xilinx/sp701/1.0/board.xml as part xc7s100fgga676-2 specified in board_part file is either invalid or not available
WARNING: [Board 49-26] cannot add Board Part xilinx.com:sp701:part0:1.1 available at /tools/Xilinx/2025.1/data/xhub/boards/XilinxBoardStore/boards/Xilinx/sp701/1.1/board.xml as part xc7s100fgga676-2 specified in board_part file is either invalid or not available
WARNING: [Board 49-26] cannot add Board Part xilinx.com:v80:part0:1.0 available at /tools/Xilinx/2025.1/data/xhub/boards/XilinxBoardStore/boards/Xilinx/v80/1.0/board.xml as part xcv80-lsva4737-2mhp-e-s specified in board_part file is either invalid or not available
WARNING: [Board 49-26] cannot add Board Part xilinx.com:vc707:part0:1.4 available at /tools/Xilinx/2025.1/data/xhub/boards/XilinxBoardStore/boards/Xilinx/vc707/1.4/board.xml as part xc7vx485tffg1761-2 specified in board_part file is either invalid or not available
WARNING: [Board 49-26] cannot add Board Part xilinx.com:vc707:part0:1.5 available at /tools/Xilinx/2025.1/data/xhub/boards/XilinxBoardStore/boards/Xilinx/vc707/1.5/board.xml as part xc7vx485tffg1761-2 specified in board_part file is either invalid or not available
WARNING: [Board 49-26] cannot add Board Part xilinx.com:vc709:part0:1.8 available at /tools/Xilinx/2025.1/data/xhub/boards/XilinxBoardStore/boards/Xilinx/vc709/1.8/board.xml as part xc7vx690tffg1761-2 specified in board_part file is either invalid or not available
WARNING: [Board 49-26] cannot add Board Part xilinx.com:vck190:part0:2.2 available at /tools/Xilinx/2025.1/data/xhub/boards/XilinxBoardStore/boards/Xilinx/vck190/production/2.2/board.xml as part xcvc1902-vsva2197-2mp-e-s specified in board_part file is either invalid or not available
WARNING: [Board 49-26] cannot add Board Part xilinx.com:vck190:part0:3.0 available at /tools/Xilinx/2025.1/data/xhub/boards/XilinxBoardStore/boards/Xilinx/vck190/production/3.0/board.xml as part xcvc1902-vsva2197-2mp-e-s specified in board_part file is either invalid or not available
WARNING: [Board 49-26] cannot add Board Part xilinx.com:vck190:part0:3.1 available at /tools/Xilinx/2025.1/data/xhub/boards/XilinxBoardStore/boards/Xilinx/vck190/production/3.1/board.xml as part xcvc1902-vsva2197-2mp-e-s specified in board_part file is either invalid or not available
WARNING: [Board 49-26] cannot add Board Part xilinx.com:vck190:part0:3.2 available at /tools/Xilinx/2025.1/data/xhub/boards/XilinxBoardStore/boards/Xilinx/vck190/production/3.2/board.xml as part xcvc1902-vsva2197-2mp-e-s specified in board_part file is either invalid or not available
WARNING: [Board 49-26] cannot add Board Part xilinx.com:vck190:part0:3.3 available at /tools/Xilinx/2025.1/data/xhub/boards/XilinxBoardStore/boards/Xilinx/vck190/production/3.3/board.xml as part xcvc1902-vsva2197-2mp-e-s specified in board_part file is either invalid or not available
WARNING: [Board 49-26] cannot add Board Part xilinx.com:vck190:part0:3.4 available at /tools/Xilinx/2025.1/data/xhub/boards/XilinxBoardStore/boards/Xilinx/vck190/production/3.4/board.xml as part xcvc1902-vsva2197-2mp-e-s specified in board_part file is either invalid or not available
WARNING: [Board 49-26] cannot add Board Part xilinx.com:vck190_newl:part0:1.0 available at /tools/Xilinx/2025.1/data/xhub/boards/XilinxBoardStore/boards/Xilinx/vck190_newl/production/1.0/board.xml as part xcvc1902-vsva2197-2mp-e-s specified in board_part file is either invalid or not available
WARNING: [Board 49-26] cannot add Board Part xilinx.com:vck190_newl:part0:1.1 available at /tools/Xilinx/2025.1/data/xhub/boards/XilinxBoardStore/boards/Xilinx/vck190_newl/production/1.1/board.xml as part xcvc1902-vsva2197-2mp-e-s specified in board_part file is either invalid or not available
WARNING: [Board 49-26] cannot add Board Part xilinx.com:vck190_newl:part0:1.2 available at /tools/Xilinx/2025.1/data/xhub/boards/XilinxBoardStore/boards/Xilinx/vck190_newl/production/1.2/board.xml as part xcvc1902-vsva2197-2mp-e-s specified in board_part file is either invalid or not available
WARNING: [Board 49-26] cannot add Board Part xilinx.com:vck190_newl:part0:1.3 available at /tools/Xilinx/2025.1/data/xhub/boards/XilinxBoardStore/boards/Xilinx/vck190_newl/production/1.3/board.xml as part xcvc1902-vsva2197-2mp-e-s specified in board_part file is either invalid or not available
WARNING: [Board 49-26] cannot add Board Part xilinx.com:vcu108:part0:1.6 available at /tools/Xilinx/2025.1/data/xhub/boards/XilinxBoardStore/boards/Xilinx/vcu108/1.6/board.xml as part xcvu095-ffva2104-2-e specified in board_part file is either invalid or not available
WARNING: [Board 49-26] cannot add Board Part xilinx.com:vcu108:part0:1.7 available at /tools/Xilinx/2025.1/data/xhub/boards/XilinxBoardStore/boards/Xilinx/vcu108/1.7/board.xml as part xcvu095-ffva2104-2-e specified in board_part file is either invalid or not available
WARNING: [Board 49-26] cannot add Board Part xilinx.com:vcu110:part0:1.4 available at /tools/Xilinx/2025.1/data/xhub/boards/XilinxBoardStore/boards/Xilinx/vcu110/1.4/board.xml as part xcvu190-flgc2104-2-e specified in board_part file is either invalid or not available
WARNING: [Board 49-26] cannot add Board Part xilinx.com:vcu118:part0:2.0 available at /tools/Xilinx/2025.1/data/xhub/boards/XilinxBoardStore/boards/Xilinx/vcu118/2.0/board.xml as part xcvu9p-flga2104-2l-e specified in board_part file is either invalid or not available
WARNING: [Board 49-26] cannot add Board Part xilinx.com:vcu118:part0:2.3 available at /tools/Xilinx/2025.1/data/xhub/boards/XilinxBoardStore/boards/Xilinx/vcu118/2.3/board.xml as part xcvu9p-flga2104-2l-e specified in board_part file is either invalid or not available
WARNING: [Board 49-26] cannot add Board Part xilinx.com:vcu118:part0:2.4 available at /tools/Xilinx/2025.1/data/xhub/boards/XilinxBoardStore/boards/Xilinx/vcu118/2.4/board.xml as part xcvu9p-flga2104-2l-e specified in board_part file is either invalid or not available
WARNING: [Board 49-26] cannot add Board Part xilinx.com:vcu128:part0:1.0 available at /tools/Xilinx/2025.1/data/xhub/boards/XilinxBoardStore/boards/Xilinx/vcu128/production/1.0/board.xml as part xcvu37p-fsvh2892-2l-e specified in board_part file is either invalid or not available
WARNING: [Board 49-26] cannot add Board Part xilinx.com:vcu129:part0:1.0 available at /tools/Xilinx/2025.1/data/xhub/boards/XilinxBoardStore/boards/Xilinx/vcu129/production/1.0/board.xml as part xcvu29p-fsga2577-2l-e specified in board_part file is either invalid or not available
WARNING: [Board 49-26] cannot add Board Part xilinx.com:vcu1525:part0:1.3 available at /tools/Xilinx/2025.1/data/xhub/boards/XilinxBoardStore/boards/Xilinx/vcu1525/1.3/board.xml as part xcvu9p-fsgd2104-2l-e specified in board_part file is either invalid or not available
WARNING: [Board 49-26] cannot add Board Part xilinx.com:vek280:part0:1.0 available at /tools/Xilinx/2025.1/data/xhub/boards/XilinxBoardStore/boards/Xilinx/vek280/production/1.0/board.xml as part xcve2802-vsvh1760-2mp-e-s specified in board_part file is either invalid or not available
WARNING: [Board 49-26] cannot add Board Part xilinx.com:vek280:part0:1.1 available at /tools/Xilinx/2025.1/data/xhub/boards/XilinxBoardStore/boards/Xilinx/vek280/production/1.1/board.xml as part xcve2802-vsvh1760-2mp-e-s specified in board_part file is either invalid or not available
WARNING: [Board 49-26] cannot add Board Part xilinx.com:vek280:part0:1.2 available at /tools/Xilinx/2025.1/data/xhub/boards/XilinxBoardStore/boards/Xilinx/vek280/production/1.2/board.xml as part xcve2802-vsvh1760-2mp-e-s specified in board_part file is either invalid or not available
WARNING: [Board 49-26] cannot add Board Part xilinx.com:vek385:part0:1.0 available at /tools/Xilinx/2025.1/data/xhub/boards/XilinxBoardStore/boards/Xilinx/vek385/1.0/board.xml as part xc2ve3858-ssva2112-2mp-e-s specified in board_part file is either invalid or not available
WARNING: [Board 49-26] cannot add Board Part xilinx.com:vermeo_t1_mpsoc:part0:1.0 available at /tools/Xilinx/2025.1/data/xhub/boards/XilinxBoardStore/boards/Xilinx/vermeo_t1_mpsoc/1.0/board.xml as part xczu19eg-ffvd1760-2l-e specified in board_part file is either invalid or not available
WARNING: [Board 49-26] cannot add Board Part xilinx.com:vermeo_t1_rfsoc:part0:1.0 available at /tools/Xilinx/2025.1/data/xhub/boards/XilinxBoardStore/boards/Xilinx/vermeo_t1_rfsoc/1.0/board.xml as part xczu21dr-ffvd1156-2l-e specified in board_part file is either invalid or not available
WARNING: [Board 49-26] cannot add Board Part xilinx.com:vhk158:part0:1.0 available at /tools/Xilinx/2025.1/data/xhub/boards/XilinxBoardStore/boards/Xilinx/vhk158/production/1.0/board.xml as part xcvh1582-vsva3697-2mp-e-s specified in board_part file is either invalid or not available
WARNING: [Board 49-26] cannot add Board Part xilinx.com:vhk158:part0:1.1 available at /tools/Xilinx/2025.1/data/xhub/boards/XilinxBoardStore/boards/Xilinx/vhk158/production/1.1/board.xml as part xcvh1582-vsva3697-2mp-e-s specified in board_part file is either invalid or not available
WARNING: [Board 49-26] cannot add Board Part xilinx.com:vhk158:part0:1.2 available at /tools/Xilinx/2025.1/data/xhub/boards/XilinxBoardStore/boards/Xilinx/vhk158/production/1.2/board.xml as part xcvh1582-vsva3697-2mp-e-s specified in board_part file is either invalid or not available
WARNING: [Board 49-26] cannot add Board Part xilinx.com:vmk180:part0:2.2 available at /tools/Xilinx/2025.1/data/xhub/boards/XilinxBoardStore/boards/Xilinx/vmk180/production/2.2/board.xml as part xcvm1802-vsva2197-2mp-e-s specified in board_part file is either invalid or not available
WARNING: [Board 49-26] cannot add Board Part xilinx.com:vmk180:part0:3.0 available at /tools/Xilinx/2025.1/data/xhub/boards/XilinxBoardStore/boards/Xilinx/vmk180/production/3.0/board.xml as part xcvm1802-vsva2197-2mp-e-s specified in board_part file is either invalid or not available
WARNING: [Board 49-26] cannot add Board Part xilinx.com:vmk180:part0:3.1 available at /tools/Xilinx/2025.1/data/xhub/boards/XilinxBoardStore/boards/Xilinx/vmk180/production/3.1/board.xml as part xcvm1802-vsva2197-2mp-e-s specified in board_part file is either invalid or not available
WARNING: [Board 49-26] cannot add Board Part xilinx.com:vmk180:part0:3.2 available at /tools/Xilinx/2025.1/data/xhub/boards/XilinxBoardStore/boards/Xilinx/vmk180/production/3.2/board.xml as part xcvm1802-vsva2197-2mp-e-s specified in board_part file is either invalid or not available
WARNING: [Board 49-26] cannot add Board Part xilinx.com:vmk180:part0:3.3 available at /tools/Xilinx/2025.1/data/xhub/boards/XilinxBoardStore/boards/Xilinx/vmk180/production/3.3/board.xml as part xcvm1802-vsva2197-2mp-e-s specified in board_part file is either invalid or not available
WARNING: [Board 49-26] cannot add Board Part xilinx.com:vmk180_newl:part0:1.0 available at /tools/Xilinx/2025.1/data/xhub/boards/XilinxBoardStore/boards/Xilinx/vmk180_newl/production/1.0/board.xml as part xcvm1802-vsva2197-2mp-e-s specified in board_part file is either invalid or not available
WARNING: [Board 49-26] cannot add Board Part xilinx.com:vmk180_newl:part0:1.1 available at /tools/Xilinx/2025.1/data/xhub/boards/XilinxBoardStore/boards/Xilinx/vmk180_newl/production/1.1/board.xml as part xcvm1802-vsva2197-2mp-e-s specified in board_part file is either invalid or not available
WARNING: [Board 49-26] cannot add Board Part xilinx.com:vpk120:part0:1.0 available at /tools/Xilinx/2025.1/data/xhub/boards/XilinxBoardStore/boards/Xilinx/vpk120/production/1.0/board.xml as part xcvp1202-vsva2785-2mp-e-s specified in board_part file is either invalid or not available
WARNING: [Board 49-26] cannot add Board Part xilinx.com:vpk120:part0:1.1 available at /tools/Xilinx/2025.1/data/xhub/boards/XilinxBoardStore/boards/Xilinx/vpk120/production/1.1/board.xml as part xcvp1202-vsva2785-2mp-e-s specified in board_part file is either invalid or not available
WARNING: [Board 49-26] cannot add Board Part xilinx.com:vpk120:part0:1.2 available at /tools/Xilinx/2025.1/data/xhub/boards/XilinxBoardStore/boards/Xilinx/vpk120/production/1.2/board.xml as part xcvp1202-vsva2785-2mp-e-s specified in board_part file is either invalid or not available
WARNING: [Board 49-26] cannot add Board Part xilinx.com:vpk180:part0:1.0 available at /tools/Xilinx/2025.1/data/xhub/boards/XilinxBoardStore/boards/Xilinx/vpk180/production/1.0/board.xml as part xcvp1802-lsvc4072-2mp-e-s specified in board_part file is either invalid or not available
WARNING: [Board 49-26] cannot add Board Part xilinx.com:vpk180:part0:1.1 available at /tools/Xilinx/2025.1/data/xhub/boards/XilinxBoardStore/boards/Xilinx/vpk180/production/1.1/board.xml as part xcvp1802-lsvc4072-2mp-e-s specified in board_part file is either invalid or not available
WARNING: [Board 49-26] cannot add Board Part xilinx.com:vpk180:part0:1.2 available at /tools/Xilinx/2025.1/data/xhub/boards/XilinxBoardStore/boards/Xilinx/vpk180/production/1.2/board.xml as part xcvp1802-lsvc4072-2mp-e-s specified in board_part file is either invalid or not available
WARNING: [Board 49-26] cannot add Board Part xilinx.com:zcu102:part0:3.3 available at /tools/Xilinx/2025.1/data/xhub/boards/XilinxBoardStore/boards/Xilinx/zcu102/3.3/board.xml as part xczu9eg-ffvb1156-2-e specified in board_part file is either invalid or not available
WARNING: [Board 49-26] cannot add Board Part xilinx.com:zcu102:part0:3.4 available at /tools/Xilinx/2025.1/data/xhub/boards/XilinxBoardStore/boards/Xilinx/zcu102/3.4/board.xml as part xczu9eg-ffvb1156-2-e specified in board_part file is either invalid or not available
WARNING: [Board 49-26] cannot add Board Part xilinx.com:zcu104:part0:1.1 available at /tools/Xilinx/2025.1/data/xhub/boards/XilinxBoardStore/boards/Xilinx/zcu104/1.1/board.xml as part xczu7ev-ffvc1156-2-e specified in board_part file is either invalid or not available
WARNING: [Board 49-26] cannot add Board Part xilinx.com:zcu106:part0:2.4 available at /tools/Xilinx/2025.1/data/xhub/boards/XilinxBoardStore/boards/Xilinx/zcu106/2.4/board.xml as part xczu7ev-ffvc1156-2-e specified in board_part file is either invalid or not available
WARNING: [Board 49-26] cannot add Board Part xilinx.com:zcu106:part0:2.5 available at /tools/Xilinx/2025.1/data/xhub/boards/XilinxBoardStore/boards/Xilinx/zcu106/2.5/board.xml as part xczu7ev-ffvc1156-2-e specified in board_part file is either invalid or not available
WARNING: [Board 49-26] cannot add Board Part xilinx.com:zcu106:part0:2.6 available at /tools/Xilinx/2025.1/data/xhub/boards/XilinxBoardStore/boards/Xilinx/zcu106/2.6/board.xml as part xczu7ev-ffvc1156-2-e specified in board_part file is either invalid or not available
WARNING: [Board 49-26] cannot add Board Part xilinx.com:zcu111:part0:1.2 available at /tools/Xilinx/2025.1/data/xhub/boards/XilinxBoardStore/boards/Xilinx/zcu111/1.2/board.xml as part xczu28dr-ffvg1517-2-e specified in board_part file is either invalid or not available
WARNING: [Board 49-26] cannot add Board Part xilinx.com:zcu111:part0:1.3 available at /tools/Xilinx/2025.1/data/xhub/boards/XilinxBoardStore/boards/Xilinx/zcu111/1.3/board.xml as part xczu28dr-ffvg1517-2-e specified in board_part file is either invalid or not available
WARNING: [Board 49-26] cannot add Board Part xilinx.com:zcu111:part0:1.4 available at /tools/Xilinx/2025.1/data/xhub/boards/XilinxBoardStore/boards/Xilinx/zcu111/1.4/board.xml as part xczu28dr-ffvg1517-2-e specified in board_part file is either invalid or not available
WARNING: [Board 49-26] cannot add Board Part xilinx.com:zcu1275:part0:1.0 available at /tools/Xilinx/2025.1/data/xhub/boards/XilinxBoardStore/boards/Xilinx/zcu1275/1.0/board.xml as part xczu29dr-ffvf1760-2-e specified in board_part file is either invalid or not available
WARNING: [Board 49-26] cannot add Board Part xilinx.com:zcu1285:part0:1.0 available at /tools/Xilinx/2025.1/data/xhub/boards/XilinxBoardStore/boards/Xilinx/zcu1285/1.0/board.xml as part xczu39dr-ffvf1760-2-i specified in board_part file is either invalid or not available
WARNING: [Board 49-26] cannot add Board Part xilinx.com:zcu208:part0:2.0 available at /tools/Xilinx/2025.1/data/xhub/boards/XilinxBoardStore/boards/Xilinx/zcu208/production/2.0/board.xml as part xczu48dr-fsvg1517-2-e specified in board_part file is either invalid or not available
WARNING: [Board 49-26] cannot add Board Part xilinx.com:zcu208ld:part0:2.0 available at /tools/Xilinx/2025.1/data/xhub/boards/XilinxBoardStore/boards/Xilinx/zcu208ld/production/2.0/board.xml as part xczu58dr-fsvg1517-2-i specified in board_part file is either invalid or not available
WARNING: [Board 49-26] cannot add Board Part xilinx.com:zcu216:part0:2.0 available at /tools/Xilinx/2025.1/data/xhub/boards/XilinxBoardStore/boards/Xilinx/zcu216/production/2.0/board.xml as part xczu49dr-ffvf1760-2-e specified in board_part file is either invalid or not available
WARNING: [Board 49-26] cannot add Board Part xilinx.com:zcu216ld:part0:2.0 available at /tools/Xilinx/2025.1/data/xhub/boards/XilinxBoardStore/boards/Xilinx/zcu216ld/production/2.0/board.xml as part xczu59dr-ffvf1760-2-i specified in board_part file is either invalid or not available
WARNING: [Board 49-26] cannot add Board Part xilinx.com:zcu670:part0:2.0 available at /tools/Xilinx/2025.1/data/xhub/boards/XilinxBoardStore/boards/Xilinx/zcu670/2.0/board.xml as part xczu67dr-fsve1156-2-i specified in board_part file is either invalid or not available
WARNING: [Board 49-26] cannot add Board Part xilinx.com:zcu670ld:part0:1.0 available at /tools/Xilinx/2025.1/data/xhub/boards/XilinxBoardStore/boards/Xilinx/zcu670ld/1.0/board.xml as part xczu57dr-fsve1156-2-i specified in board_part file is either invalid or not available
INFO: [IP_Flow 19-234] Refreshing IP repositories
INFO: [IP_Flow 19-1704] No user IP repositories specified
INFO: [IP_Flow 19-2313] Loaded Vivado IP repository '/tools/Xilinx/2025.1/Vivado/data/ip'.
update_compile_order -fileset sources_1
open_bd_design {/home/luca/MyProjects/tb_platform/tb_platform.srcs/sources_1/bd/design_1/design_1.bd}
Reading block design file </home/luca/MyProjects/tb_platform/tb_platform.srcs/sources_1/bd/design_1/design_1.bd>...
Adding component instance block -- xilinx.com:ip:blk_mem_gen:8.4 - blk_mem_gen_0
Adding component instance block -- xilinx.com:module_ref:myaxistream_v1_0:1.0 - myaxistream_v1_0_0
Adding component instance block -- xilinx.com:module_ref:stream_tx:1.0 - stream_tx_0
Successfully read diagram <design_1> from block design file </home/luca/MyProjects/tb_platform/tb_platform.srcs/sources_1/bd/design_1/design_1.bd>
open_bd_design: Time (s): cpu = 00:00:08 ; elapsed = 00:00:06 . Memory (MB): peak = 10074.746 ; gain = 0.000 ; free physical = 8418 ; free virtual = 15510
make_wrapper -files [get_files /home/luca/MyProjects/tb_platform/tb_platform.srcs/sources_1/bd/design_1/design_1.bd] -top
WARNING: [BD 41-2180] Resetting the memory initialization file of </blk_mem_gen_0> to default.
WARNING: [BD 41-926] Following properties on interface pin /myaxistream_v1_0_0/s_axis have been updated from connected ip, but BD cell '/myaxistream_v1_0_0' does not accept parameter changes, so they may not be synchronized with cell properties:
	TDATA_NUM_BYTES = 8

Please resolve any mismatches by directly setting properties on BD cell </myaxistream_v1_0_0> to completely resolve these warnings.
Wrote  : </home/luca/MyProjects/tb_platform/tb_platform.srcs/sources_1/bd/design_1/design_1.bd> 
Wrote  : </home/luca/MyProjects/tb_platform/tb_platform.srcs/sources_1/bd/design_1/ui/bd_1f5defd0.ui> 
Verilog Output written to : /home/luca/MyProjects/tb_platform/tb_platform.gen/sources_1/bd/design_1/synth/design_1.v
Verilog Output written to : /home/luca/MyProjects/tb_platform/tb_platform.gen/sources_1/bd/design_1/sim/design_1.v
Verilog Output written to : /home/luca/MyProjects/tb_platform/tb_platform.gen/sources_1/bd/design_1/hdl/design_1_wrapper.v
add_files -norecurse /home/luca/MyProjects/tb_platform/tb_platform.gen/sources_1/bd/design_1/hdl/design_1_wrapper.v
update_compile_order -fileset sources_1
WARNING: [IP_Flow 19-4067] Ignoring invalid widget type specified checkbox.Providing a default widget
WARNING: [IP_Flow 19-4067] Ignoring invalid widget type specified checkbox.Providing a default widget
INFO: [IP_Flow 19-3484] Absolute path of file '/home/luca/MyProjects/tb_platform/tb_platform.srcs/sources_1/new/mem_init.coe' provided. It will be converted relative to IP Instance files '../../../../tb_platform.srcs/sources_1/new/mem_init.coe'
startgroup
set_property -dict [list \
  CONFIG.Coe_File {/home/luca/MyProjects/tb_platform/tb_platform.srcs/sources_1/new/mem_init.coe} \
  CONFIG.Load_Init_File {true} \
] [get_bd_cells blk_mem_gen_0]
INFO: [IP_Flow 19-3484] Absolute path of file '/home/luca/MyProjects/tb_platform/tb_platform.srcs/sources_1/new/mem_init.coe' provided. It will be converted relative to IP Instance files '../../../../new/mem_init.coe'
endgroup
save_bd_design
Wrote  : </home/luca/MyProjects/tb_platform/tb_platform.srcs/sources_1/bd/design_1/design_1.bd> 
set_property top design_1_wrapper [current_fileset]
update_compile_order -fileset sources_1
set_property target_language VHDL [current_project]
make_wrapper -files [get_files /home/luca/MyProjects/tb_platform/tb_platform.srcs/sources_1/bd/design_1/design_1.bd] -top
WARNING: [BD 41-926] Following properties on interface pin /myaxistream_v1_0_0/s_axis have been updated from connected ip, but BD cell '/myaxistream_v1_0_0' does not accept parameter changes, so they may not be synchronized with cell properties:
	TDATA_NUM_BYTES = 8

Please resolve any mismatches by directly setting properties on BD cell </myaxistream_v1_0_0> to completely resolve these warnings.
Wrote  : </home/luca/MyProjects/tb_platform/tb_platform.srcs/sources_1/bd/design_1/design_1.bd> 
VHDL Output written to : /home/luca/MyProjects/tb_platform/tb_platform.gen/sources_1/bd/design_1/synth/design_1.vhd
VHDL Output written to : /home/luca/MyProjects/tb_platform/tb_platform.gen/sources_1/bd/design_1/sim/design_1.vhd
VHDL Output written to : /home/luca/MyProjects/tb_platform/tb_platform.gen/sources_1/bd/design_1/hdl/design_1_wrapper.vhd
add_files -norecurse /home/luca/MyProjects/tb_platform/tb_platform.gen/sources_1/bd/design_1/hdl/design_1_wrapper.vhd
update_compile_order -fileset sources_1
remove_files  /home/luca/MyProjects/tb_platform/tb_platform.gen/sources_1/bd/design_1/hdl/design_1_wrapper.v
file delete -force /home/luca/MyProjects/tb_platform/tb_platform.gen/sources_1/bd/design_1/hdl/design_1_wrapper.v
update_compile_order -fileset sources_1
file mkdir /home/luca/MyProjects/tb_platform/tb_platform.srcs/sim_1/new
set_property SOURCE_SET sources_1 [get_filesets sim_1]
close [ open /home/luca/MyProjects/tb_platform/tb_platform.srcs/sim_1/new/tb_design.vhd w ]
add_files -fileset sim_1 /home/luca/MyProjects/tb_platform/tb_platform.srcs/sim_1/new/tb_design.vhd
update_compile_order -fileset sim_1
WARNING: [filemgmt 56-199] Attempt to get parsing info during refresh. "On-the-fly" syntax checking information may be incorrect. [/home/luca/MyProjects/tb_platform/tb_platform.gen/sources_1/bd/design_1/hdl/design_1_wrapper.vhd:]
WARNING: [filemgmt 56-199] Attempt to get parsing info during refresh. "On-the-fly" syntax checking information may be incorrect. [/home/luca/MyProjects/tb_platform/tb_platform.gen/sources_1/bd/design_1/hdl/design_1_wrapper.v:]
WARNING: [filemgmt 56-199] Attempt to get parsing info during refresh. "On-the-fly" syntax checking information may be incorrect. [/home/luca/MyProjects/tb_platform/tb_platform.srcs/sim_1/new/tb_design.vhd:]
WARNING: [filemgmt 56-199] Attempt to get parsing info during refresh. "On-the-fly" syntax checking information may be incorrect. [/home/luca/MyProjects/tb_platform/tb_platform.gen/sources_1/bd/design_1/hdl/design_1_wrapper.vhd:]
WARNING: [filemgmt 56-199] Attempt to get parsing info during refresh. "On-the-fly" syntax checking information may be incorrect. [/home/luca/MyProjects/tb_platform/tb_platform.gen/sources_1/bd/design_1/hdl/design_1_wrapper.vhd:]
WARNING: [filemgmt 56-199] Attempt to get parsing info during refresh. "On-the-fly" syntax checking information may be incorrect. [/home/luca/MyProjects/tb_platform/tb_platform.gen/sources_1/bd/design_1/hdl/design_1_wrapper.vhd:]
WARNING: [filemgmt 56-199] Attempt to get parsing info during refresh. "On-the-fly" syntax checking information may be incorrect. [/home/luca/MyProjects/tb_platform/tb_platform.gen/sources_1/bd/design_1/hdl/design_1_wrapper.v:]
WARNING: [filemgmt 56-199] Attempt to get parsing info during refresh. "On-the-fly" syntax checking information may be incorrect. [/home/luca/MyProjects/tb_platform/tb_platform.srcs/sim_1/new/tb_design.vhd:]
WARNING: [filemgmt 56-199] Attempt to get parsing info during refresh. "On-the-fly" syntax checking information may be incorrect. [/home/luca/MyProjects/tb_platform/tb_platform.srcs/sim_1/new/tb_design.vhd:]
WARNING: [filemgmt 56-199] Attempt to get parsing info during refresh. "On-the-fly" syntax checking information may be incorrect. [/home/luca/MyProjects/tb_platform/tb_platform.srcs/sim_1/new/tb_design.vhd:]
launch_simulation
Command: launch_simulation 
INFO: [Vivado 12-12493] Simulation top is 'myaxistream_v1_0'
INFO: [Vivado 12-5682] Launching behavioral simulation in '/home/luca/MyProjects/tb_platform/tb_platform.sim/sim_1/behav/xsim'
INFO: [Vivado 12-13660] Precompiled IP simulation library mode is enabled (default). The design IP libraries will be referenced from the compiled library path. Please note that if the precompiled version of the library is not found from the path or the IP is in locked state, then the library source files for these IPs will be compiled locally as part of the compile order.
INFO: [Vivado 12-4795] Using compiled simulation libraries for IPs
INFO: [SIM-utils-51] Simulation object is 'sim_1'
INFO: [SIM-utils-72] Using boost library from '/tools/Xilinx/2025.1/Vivado/tps/boost_1_72_0'
INFO: [USF-XSim-7] Finding pre-compiled libraries...
INFO: [USF-XSim-11] File '/tools/Xilinx/2025.1/data/xsim/xsim.ini' copied to run dir:'/home/luca/MyProjects/tb_platform/tb_platform.sim/sim_1/behav/xsim'
INFO: [SIM-utils-54] Inspecting design source files for 'myaxistream_v1_0' in fileset 'sim_1'...
INFO: [SIM-utils-43] Exported '/home/luca/MyProjects/tb_platform/tb_platform.sim/sim_1/behav/xsim/mem_init.coe'
INFO: [USF-XSim-97] Finding global include files...
INFO: [USF-XSim-98] Fetching design files from 'sim_1'...
INFO: [USF-XSim-2] XSim::Compile design
INFO: [USF-XSim-61] Executing 'COMPILE and ANALYZE' step in '/home/luca/MyProjects/tb_platform/tb_platform.sim/sim_1/behav/xsim'
xvhdl --incr --relax -prj myaxistream_v1_0_vhdl.prj
INFO: [VRFC 10-163] Analyzing VHDL file "/home/luca/MyProjects/tb_platform/tb_platform.srcs/sources_1/imports/hdl/myaxistream_v1_0_S_AXIS.vhd" into library xil_defaultlib
INFO: [VRFC 10-3107] analyzing entity 'myaxistream_v1_0_S_AXIS'
ERROR: [VRFC 10-1449] this construct is only supported in VHDL 1076-2008 [/home/luca/MyProjects/tb_platform/tb_platform.srcs/sources_1/imports/hdl/myaxistream_v1_0_S_AXIS.vhd:36]
ERROR: [VRFC 10-1449] this construct is only supported in VHDL 1076-2008 [/home/luca/MyProjects/tb_platform/tb_platform.srcs/sources_1/imports/hdl/myaxistream_v1_0_S_AXIS.vhd:42]
ERROR: [VRFC 10-9458] unit 'arch_imp' is ignored due to previous errors [/home/luca/MyProjects/tb_platform/tb_platform.srcs/sources_1/imports/hdl/myaxistream_v1_0_S_AXIS.vhd:21]
INFO: [VRFC 10-8704] VHDL file '/home/luca/MyProjects/tb_platform/tb_platform.srcs/sources_1/imports/hdl/myaxistream_v1_0_S_AXIS.vhd' is ignored due to errors
INFO: [USF-XSim-69] 'compile' step finished in '2' seconds
INFO: [USF-XSim-99] Step results log file:'/home/luca/MyProjects/tb_platform/tb_platform.sim/sim_1/behav/xsim/xvhdl.log'
ERROR: [USF-XSim-62] 'compile' step failed with error(s). Please check the Tcl console output or '/home/luca/MyProjects/tb_platform/tb_platform.sim/sim_1/behav/xsim/xvhdl.log' file for more information.
ERROR: [Vivado 12-4473] Detected error while running simulation. Please correct the issue and retry this operation.
ERROR: [Common 17-39] 'launch_simulation' failed due to earlier errors.
set_property file_type {VHDL 2008} [get_files  /home/luca/MyProjects/tb_platform/tb_platform.srcs/sources_1/imports/hdl/myaxistream_v1_0_S_AXIS.vhd]
WARNING: [filemgmt 56-199] Attempt to get parsing info during refresh. "On-the-fly" syntax checking information may be incorrect. [/home/luca/MyProjects/tb_platform/tb_platform.gen/sources_1/bd/design_1/hdl/design_1_wrapper.vhd:]
WARNING: [filemgmt 56-199] Attempt to get parsing info during refresh. "On-the-fly" syntax checking information may be incorrect. [/home/luca/MyProjects/tb_platform/tb_platform.gen/sources_1/bd/design_1/hdl/design_1_wrapper.v:]
WARNING: [filemgmt 56-199] Attempt to get parsing info during refresh. "On-the-fly" syntax checking information may be incorrect. [/home/luca/MyProjects/tb_platform/tb_platform.srcs/sim_1/new/tb_design.vhd:]
WARNING: [filemgmt 56-199] Attempt to get parsing info during refresh. "On-the-fly" syntax checking information may be incorrect. [/home/luca/MyProjects/tb_platform/tb_platform.srcs/sim_1/new/tb_design.vhd:]
WARNING: [filemgmt 56-199] Attempt to get parsing info during refresh. "On-the-fly" syntax checking information may be incorrect. [/home/luca/MyProjects/tb_platform/tb_platform.srcs/sim_1/new/tb_design.vhd:]
launch_simulation
Command: launch_simulation 
INFO: [Vivado 12-12493] Simulation top is 'myaxistream_v1_0'
INFO: [Vivado 12-5682] Launching behavioral simulation in '/home/luca/MyProjects/tb_platform/tb_platform.sim/sim_1/behav/xsim'
INFO: [Vivado 12-13660] Precompiled IP simulation library mode is enabled (default). The design IP libraries will be referenced from the compiled library path. Please note that if the precompiled version of the library is not found from the path or the IP is in locked state, then the library source files for these IPs will be compiled locally as part of the compile order.
INFO: [Vivado 12-4795] Using compiled simulation libraries for IPs
INFO: [SIM-utils-51] Simulation object is 'sim_1'
INFO: [SIM-utils-72] Using boost library from '/tools/Xilinx/2025.1/Vivado/tps/boost_1_72_0'
INFO: [USF-XSim-7] Finding pre-compiled libraries...
INFO: [USF-XSim-11] File '/tools/Xilinx/2025.1/data/xsim/xsim.ini' copied to run dir:'/home/luca/MyProjects/tb_platform/tb_platform.sim/sim_1/behav/xsim'
INFO: [SIM-utils-54] Inspecting design source files for 'myaxistream_v1_0' in fileset 'sim_1'...
INFO: [SIM-utils-43] Exported '/home/luca/MyProjects/tb_platform/tb_platform.sim/sim_1/behav/xsim/mem_init.coe'
INFO: [USF-XSim-97] Finding global include files...
INFO: [USF-XSim-98] Fetching design files from 'sim_1'...
INFO: [USF-XSim-2] XSim::Compile design
INFO: [USF-XSim-61] Executing 'COMPILE and ANALYZE' step in '/home/luca/MyProjects/tb_platform/tb_platform.sim/sim_1/behav/xsim'
xvhdl --incr --relax -prj myaxistream_v1_0_vhdl.prj
INFO: [VRFC 10-163] Analyzing VHDL file "/home/luca/MyProjects/tb_platform/tb_platform.srcs/sources_1/imports/hdl/myaxistream_v1_0_S_AXIS.vhd" into library xil_defaultlib
INFO: [VRFC 10-3107] analyzing entity 'myaxistream_v1_0_S_AXIS'
INFO: [VRFC 10-163] Analyzing VHDL file "/home/luca/MyProjects/tb_platform/tb_platform.srcs/sources_1/imports/hdl/myaxistream_v1_0.vhd" into library xil_defaultlib
INFO: [VRFC 10-3107] analyzing entity 'myaxistream_v1_0'
Waiting for jobs to finish...
No pending jobs, compilation finished.
INFO: [USF-XSim-69] 'compile' step finished in '1' seconds
INFO: [USF-XSim-3] XSim::Elaborate design
INFO: [USF-XSim-61] Executing 'ELABORATE' step in '/home/luca/MyProjects/tb_platform/tb_platform.sim/sim_1/behav/xsim'
xelab --incr --debug typical --relax --mt 8 -L xil_defaultlib -L secureip -L xpm --snapshot myaxistream_v1_0_behav xil_defaultlib.myaxistream_v1_0 -log elaborate.log
Vivado Simulator v2025.1.0
Copyright 1986-2022 Xilinx, Inc. All Rights Reserved.
Copyright 2022-2025 Advanced Micro Devices, Inc. All Rights Reserved.
Running: /tools/Xilinx/2025.1/Vivado/bin/unwrapped/lnx64.o/xelab --incr --debug typical --relax --mt 8 -L xil_defaultlib -L secureip -L xpm --snapshot myaxistream_v1_0_behav xil_defaultlib.myaxistream_v1_0 -log elaborate.log 
Using 8 slave threads.
WARNING: [XSIM 43-3431] One or more environment variables have been detected which affect the operation of the C compiler. These are typically not set in standard installations and are not tested by AMD, however they may be appropriate for your system, so the flow will attempt to continue.  If errors occur, try running xelab with the "-mt off -v 1" switches to see more information from the C compiler. The following environment variables have been detected:
    LIBRARY_PATH
Starting static elaboration
Completed static elaboration
Starting simulation data flow analysis
Completed simulation data flow analysis
Time Resolution for simulation is 1ps
Compiling package std.standard
Compiling package std.textio
Compiling package ieee.std_logic_1164
Compiling package ieee.numeric_std
Compiling architecture arch_imp of entity xil_defaultlib.myaxistream_v1_0_S_AXIS [myaxistream_v1_0_s_axis_default]
Compiling architecture arch_imp of entity xil_defaultlib.myaxistream_v1_0
Built simulation snapshot myaxistream_v1_0_behav
INFO: [USF-XSim-69] 'elaborate' step finished in '2' seconds
INFO: [USF-XSim-4] XSim::Simulate design
INFO: [USF-XSim-61] Executing 'SIMULATE' step in '/home/luca/MyProjects/tb_platform/tb_platform.sim/sim_1/behav/xsim'
INFO: [USF-XSim-98] *** Running xsim
   with args "myaxistream_v1_0_behav -key {Behavioral:sim_1:Functional:myaxistream_v1_0} -tclbatch {myaxistream_v1_0.tcl} -log {simulate.log}"
INFO: [USF-XSim-8] Loading simulator feature
Time resolution is 1 ps
source myaxistream_v1_0.tcl
# set curr_wave [current_wave_config]
# if { [string length $curr_wave] == 0 } {
#   if { [llength [get_objects]] > 0} {
#     add_wave /
#     set_property needs_save false [current_wave_config]
#   } else {
#      send_msg_id Add_Wave-1 WARNING "No top level signals found. Simulator will start without a wave window. If you want to open a wave window go to 'File->New Waveform Configuration' or type 'create_wave_config' in the TCL console."
#   }
# }
# run 1000ns
INFO: [USF-XSim-96] XSim completed. Design snapshot 'myaxistream_v1_0_behav' loaded.
INFO: [USF-XSim-97] XSim simulation ran for 1000ns
launch_simulation: Time (s): cpu = 00:00:10 ; elapsed = 00:00:09 . Memory (MB): peak = 10508.750 ; gain = 0.000 ; free physical = 7867 ; free virtual = 15204
WARNING: [filemgmt 56-199] Attempt to get parsing info during refresh. "On-the-fly" syntax checking information may be incorrect. [/home/luca/MyProjects/tb_platform/tb_platform.gen/sources_1/bd/design_1/hdl/design_1_wrapper.vhd:]
WARNING: [filemgmt 56-199] Attempt to get parsing info during refresh. "On-the-fly" syntax checking information may be incorrect. [/home/luca/MyProjects/tb_platform/tb_platform.gen/sources_1/bd/design_1/hdl/design_1_wrapper.v:]
WARNING: [filemgmt 56-199] Attempt to get parsing info during refresh. "On-the-fly" syntax checking information may be incorrect. [/home/luca/MyProjects/tb_platform/tb_platform.srcs/sim_1/new/tb_design.vhd:]
WARNING: [filemgmt 56-199] Attempt to get parsing info during refresh. "On-the-fly" syntax checking information may be incorrect. [/home/luca/MyProjects/tb_platform/tb_platform.gen/sources_1/bd/design_1/hdl/design_1_wrapper.vhd:]
WARNING: [filemgmt 56-199] Attempt to get parsing info during refresh. "On-the-fly" syntax checking information may be incorrect. [/home/luca/MyProjects/tb_platform/tb_platform.gen/sources_1/bd/design_1/hdl/design_1_wrapper.vhd:]
set_property top tb_design [get_filesets sim_1]
set_property top_lib xil_defaultlib [get_filesets sim_1]
WARNING: [filemgmt 56-199] Attempt to get parsing info during refresh. "On-the-fly" syntax checking information may be incorrect. [/home/luca/MyProjects/tb_platform/tb_platform.gen/sources_1/bd/design_1/hdl/design_1_wrapper.vhd:]
WARNING: [filemgmt 56-199] Attempt to get parsing info during refresh. "On-the-fly" syntax checking information may be incorrect. [/home/luca/MyProjects/tb_platform/tb_platform.gen/sources_1/bd/design_1/hdl/design_1_wrapper.v:]
WARNING: [filemgmt 56-199] Attempt to get parsing info during refresh. "On-the-fly" syntax checking information may be incorrect. [/home/luca/MyProjects/tb_platform/tb_platform.srcs/sim_1/new/tb_design.vhd:]
WARNING: [filemgmt 56-199] Attempt to get parsing info during refresh. "On-the-fly" syntax checking information may be incorrect. [/home/luca/MyProjects/tb_platform/tb_platform.srcs/sim_1/new/tb_design.vhd:]
WARNING: [filemgmt 56-199] Attempt to get parsing info during refresh. "On-the-fly" syntax checking information may be incorrect. [/home/luca/MyProjects/tb_platform/tb_platform.srcs/sim_1/new/tb_design.vhd:]
update_compile_order -fileset sim_1
WARNING: [filemgmt 56-199] Attempt to get parsing info during refresh. "On-the-fly" syntax checking information may be incorrect. [/home/luca/MyProjects/tb_platform/tb_platform.gen/sources_1/bd/design_1/hdl/design_1_wrapper.vhd:]
WARNING: [filemgmt 56-199] Attempt to get parsing info during refresh. "On-the-fly" syntax checking information may be incorrect. [/home/luca/MyProjects/tb_platform/tb_platform.gen/sources_1/bd/design_1/hdl/design_1_wrapper.v:]
WARNING: [filemgmt 56-199] Attempt to get parsing info during refresh. "On-the-fly" syntax checking information may be incorrect. [/home/luca/MyProjects/tb_platform/tb_platform.srcs/sim_1/new/tb_design.vhd:]
WARNING: [filemgmt 56-199] Attempt to get parsing info during refresh. "On-the-fly" syntax checking information may be incorrect. [/home/luca/MyProjects/tb_platform/tb_platform.gen/sources_1/bd/design_1/hdl/design_1_wrapper.vhd:]
WARNING: [filemgmt 56-199] Attempt to get parsing info during refresh. "On-the-fly" syntax checking information may be incorrect. [/home/luca/MyProjects/tb_platform/tb_platform.gen/sources_1/bd/design_1/hdl/design_1_wrapper.vhd:]
relaunch_sim
Command: launch_simulation -step compile -simset sim_1 -mode behavioral
INFO: [Vivado 12-12493] Simulation top is 'tb_design'
INFO: [BD 41-1662] The design 'design_1.bd' is already validated. Therefore parameter propagation will not be re-run.
VHDL Output written to : /home/luca/MyProjects/tb_platform/tb_platform.gen/sources_1/bd/design_1/synth/design_1.vhd
VHDL Output written to : /home/luca/MyProjects/tb_platform/tb_platform.gen/sources_1/bd/design_1/sim/design_1.vhd
VHDL Output written to : /home/luca/MyProjects/tb_platform/tb_platform.gen/sources_1/bd/design_1/hdl/design_1_wrapper.vhd
INFO: [BD 41-1029] Generation completed for the IP Integrator block blk_mem_gen_0 .
INFO: [BD 41-1029] Generation completed for the IP Integrator block myaxistream_v1_0_0 .
INFO: [BD 41-1029] Generation completed for the IP Integrator block stream_tx_0 .
Exporting to file /home/luca/MyProjects/tb_platform/tb_platform.gen/sources_1/bd/design_1/hw_handoff/design_1.hwh
Generated Hardware Definition File /home/luca/MyProjects/tb_platform/tb_platform.gen/sources_1/bd/design_1/synth/design_1.hwdef
INFO: [Vivado 12-5682] Launching behavioral simulation in '/home/luca/MyProjects/tb_platform/tb_platform.sim/sim_1/behav/xsim'
INFO: [Vivado 12-13660] Precompiled IP simulation library mode is enabled (default). The design IP libraries will be referenced from the compiled library path. Please note that if the precompiled version of the library is not found from the path or the IP is in locked state, then the library source files for these IPs will be compiled locally as part of the compile order.
INFO: [Vivado 12-4795] Using compiled simulation libraries for IPs
INFO: [SIM-utils-51] Simulation object is 'sim_1'
INFO: [SIM-utils-72] Using boost library from '/tools/Xilinx/2025.1/Vivado/tps/boost_1_72_0'
INFO: [USF-XSim-7] Finding pre-compiled libraries...
INFO: [USF-XSim-11] File '/tools/Xilinx/2025.1/data/xsim/xsim.ini' copied to run dir:'/home/luca/MyProjects/tb_platform/tb_platform.sim/sim_1/behav/xsim'
INFO: [SIM-utils-54] Inspecting design source files for 'tb_design' in fileset 'sim_1'...
INFO: [SIM-utils-43] Exported '/home/luca/MyProjects/tb_platform/tb_platform.sim/sim_1/behav/xsim/mem_init.coe'
INFO: [SIM-utils-43] Exported '/home/luca/MyProjects/tb_platform/tb_platform.sim/sim_1/behav/xsim/design_1_blk_mem_gen_0_1.mif'
INFO: [USF-XSim-97] Finding global include files...
INFO: [USF-XSim-98] Fetching design files from 'sim_1'...
INFO: [USF-XSim-2] XSim::Compile design
INFO: [USF-XSim-61] Executing 'COMPILE and ANALYZE' step in '/home/luca/MyProjects/tb_platform/tb_platform.sim/sim_1/behav/xsim'
xvlog --incr --relax -prj tb_design_vlog.prj
INFO: [VRFC 10-2263] Analyzing Verilog file "/home/luca/MyProjects/tb_platform/tb_platform.ip_user_files/bd/design_1/ip/design_1_blk_mem_gen_0_1/sim/design_1_blk_mem_gen_0_1.v" into library xil_defaultlib
INFO: [VRFC 10-311] analyzing module design_1_blk_mem_gen_0_1
INFO: [VRFC 10-2263] Analyzing Verilog file "/home/luca/MyProjects/tb_platform/tb_platform.sim/sim_1/behav/xsim/glbl.v" into library xil_defaultlib
INFO: [VRFC 10-311] analyzing module glbl
xvhdl --incr --relax -prj tb_design_vhdl.prj
INFO: [VRFC 10-163] Analyzing VHDL file "/home/luca/MyProjects/tb_platform/tb_platform.srcs/sources_1/stream_tx.vhd" into library xil_defaultlib
INFO: [VRFC 10-3107] analyzing entity 'stream_tx'
INFO: [VRFC 10-163] Analyzing VHDL file "/home/luca/MyProjects/tb_platform/tb_platform.ip_user_files/bd/design_1/ip/design_1_myaxistream_v1_0_0_0/sim/design_1_myaxistream_v1_0_0_0.vhd" into library xil_defaultlib
INFO: [VRFC 10-3107] analyzing entity 'design_1_myaxistream_v1_0_0_0'
INFO: [VRFC 10-163] Analyzing VHDL file "/home/luca/MyProjects/tb_platform/tb_platform.ip_user_files/bd/design_1/ip/design_1_stream_tx_0_0/sim/design_1_stream_tx_0_0.vhd" into library xil_defaultlib
INFO: [VRFC 10-3107] analyzing entity 'design_1_stream_tx_0_0'
INFO: [VRFC 10-163] Analyzing VHDL file "/home/luca/MyProjects/tb_platform/tb_platform.ip_user_files/bd/design_1/sim/design_1.vhd" into library xil_defaultlib
INFO: [VRFC 10-3107] analyzing entity 'design_1'
INFO: [VRFC 10-163] Analyzing VHDL file "/home/luca/MyProjects/tb_platform/tb_platform.gen/sources_1/bd/design_1/hdl/design_1_wrapper.vhd" into library xil_defaultlib
INFO: [VRFC 10-3107] analyzing entity 'design_1_wrapper'
INFO: [VRFC 10-163] Analyzing VHDL file "/home/luca/MyProjects/tb_platform/tb_platform.srcs/sim_1/new/tb_design.vhd" into library xil_defaultlib
INFO: [VRFC 10-3107] analyzing entity 'tb_design'
Waiting for jobs to finish...
No pending jobs, compilation finished.
INFO: [USF-XSim-69] 'compile' step finished in '3' seconds
launch_simulation: Time (s): cpu = 00:00:11 ; elapsed = 00:00:11 . Memory (MB): peak = 10643.094 ; gain = 4.195 ; free physical = 7641 ; free virtual = 15010
Command: launch_simulation -step elaborate -simset sim_1 -mode behavioral
INFO: [Vivado 12-12493] Simulation top is 'tb_design'
INFO: [Vivado 12-5682] Launching behavioral simulation in '/home/luca/MyProjects/tb_platform/tb_platform.sim/sim_1/behav/xsim'
INFO: [Vivado 12-13660] Precompiled IP simulation library mode is enabled (default). The design IP libraries will be referenced from the compiled library path. Please note that if the precompiled version of the library is not found from the path or the IP is in locked state, then the library source files for these IPs will be compiled locally as part of the compile order.
INFO: [Vivado 12-4795] Using compiled simulation libraries for IPs
INFO: [SIM-utils-51] Simulation object is 'sim_1'
INFO: [USF-XSim-3] XSim::Elaborate design
INFO: [USF-XSim-61] Executing 'ELABORATE' step in '/home/luca/MyProjects/tb_platform/tb_platform.sim/sim_1/behav/xsim'
xelab --incr --debug typical --relax --mt 8 -L xil_defaultlib -L blk_mem_gen_v8_4_11 -L unisims_ver -L unimacro_ver -L secureip -L xpm --snapshot tb_design_behav xil_defaultlib.tb_design xil_defaultlib.glbl -log elaborate.log
Vivado Simulator v2025.1.0
Copyright 1986-2022 Xilinx, Inc. All Rights Reserved.
Copyright 2022-2025 Advanced Micro Devices, Inc. All Rights Reserved.
Running: /tools/Xilinx/2025.1/Vivado/bin/unwrapped/lnx64.o/xelab --incr --debug typical --relax --mt 8 -L xil_defaultlib -L blk_mem_gen_v8_4_11 -L unisims_ver -L unimacro_ver -L secureip -L xpm --snapshot tb_design_behav xil_defaultlib.tb_design xil_defaultlib.glbl -log elaborate.log 
Using 8 slave threads.
WARNING: [XSIM 43-3431] One or more environment variables have been detected which affect the operation of the C compiler. These are typically not set in standard installations and are not tested by AMD, however they may be appropriate for your system, so the flow will attempt to continue.  If errors occur, try running xelab with the "-mt off -v 1" switches to see more information from the C compiler. The following environment variables have been detected:
    LIBRARY_PATH
Starting static elaboration
Pass Through NonSizing Optimizer
Completed static elaboration
Starting simulation data flow analysis
Completed simulation data flow analysis
ERROR: [XSIM 43-3249] File /home/luca/MyProjects/tb_platform/tb_platform.srcs/sources_1/stream_tx.vhd, line 20. Unresolved signal "state" is multiply driven.
INFO: [USF-XSim-69] 'elaborate' step finished in '2' seconds
INFO: [USF-XSim-99] Step results log file:'/home/luca/MyProjects/tb_platform/tb_platform.sim/sim_1/behav/xsim/elaborate.log'
ERROR: [USF-XSim-62] 'elaborate' step failed with error(s). Please check the Tcl console output or '/home/luca/MyProjects/tb_platform/tb_platform.sim/sim_1/behav/xsim/elaborate.log' file for more information.
ERROR: [Vivado 12-4473] Detected error while running simulation. Please correct the issue and retry this operation.
ERROR: [Common 17-39] 'launch_simulation' failed due to earlier errors.
ERROR: [Common 17-69] Command failed: ERROR: [Common 17-39] 'launch_simulation' failed due to earlier errors.

WARNING: [filemgmt 56-199] Attempt to get parsing info during refresh. "On-the-fly" syntax checking information may be incorrect. [/home/luca/MyProjects/tb_platform/tb_platform.gen/sources_1/bd/design_1/hdl/design_1_wrapper.vhd:]
WARNING: [filemgmt 56-199] Attempt to get parsing info during refresh. "On-the-fly" syntax checking information may be incorrect. [/home/luca/MyProjects/tb_platform/tb_platform.gen/sources_1/bd/design_1/hdl/design_1_wrapper.v:]
WARNING: [filemgmt 56-199] Attempt to get parsing info during refresh. "On-the-fly" syntax checking information may be incorrect. [/home/luca/MyProjects/tb_platform/tb_platform.srcs/sim_1/new/tb_design.vhd:]
WARNING: [filemgmt 56-199] Attempt to get parsing info during refresh. "On-the-fly" syntax checking information may be incorrect. [/home/luca/MyProjects/tb_platform/tb_platform.gen/sources_1/bd/design_1/hdl/design_1_wrapper.vhd:]
WARNING: [filemgmt 56-199] Attempt to get parsing info during refresh. "On-the-fly" syntax checking information may be incorrect. [/home/luca/MyProjects/tb_platform/tb_platform.gen/sources_1/bd/design_1/hdl/design_1_wrapper.vhd:]
WARNING: [filemgmt 56-199] Attempt to get parsing info during refresh. "On-the-fly" syntax checking information may be incorrect. [/home/luca/MyProjects/tb_platform/tb_platform.gen/sources_1/bd/design_1/hdl/design_1_wrapper.vhd:]
WARNING: [filemgmt 56-199] Attempt to get parsing info during refresh. "On-the-fly" syntax checking information may be incorrect. [/home/luca/MyProjects/tb_platform/tb_platform.srcs/sources_1/stream_tx.vhd:]
WARNING: [filemgmt 56-199] Attempt to get parsing info during refresh. "On-the-fly" syntax checking information may be incorrect. [/home/luca/MyProjects/tb_platform/tb_platform.gen/sources_1/bd/design_1/hdl/design_1_wrapper.v:]
WARNING: [filemgmt 56-199] Attempt to get parsing info during refresh. "On-the-fly" syntax checking information may be incorrect. [/home/luca/MyProjects/tb_platform/tb_platform.srcs/sim_1/new/tb_design.vhd:]
WARNING: [filemgmt 56-199] Attempt to get parsing info during refresh. "On-the-fly" syntax checking information may be incorrect. [/home/luca/MyProjects/tb_platform/tb_platform.srcs/sim_1/new/tb_design.vhd:]
WARNING: [filemgmt 56-199] Attempt to get parsing info during refresh. "On-the-fly" syntax checking information may be incorrect. [/home/luca/MyProjects/tb_platform/tb_platform.srcs/sim_1/new/tb_design.vhd:]
report_ip_status -name ip_status 
WARNING: [filemgmt 56-199] Attempt to get parsing info during refresh. "On-the-fly" syntax checking information may be incorrect. [/home/luca/MyProjects/tb_platform/tb_platform.gen/sources_1/bd/design_1/hdl/design_1_wrapper.vhd:]
WARNING: [filemgmt 56-199] Attempt to get parsing info during refresh. "On-the-fly" syntax checking information may be incorrect. [/home/luca/MyProjects/tb_platform/tb_platform.srcs/sources_1/stream_tx.vhd:]
WARNING: [filemgmt 56-199] Attempt to get parsing info during refresh. "On-the-fly" syntax checking information may be incorrect. [/home/luca/MyProjects/tb_platform/tb_platform.gen/sources_1/bd/design_1/hdl/design_1_wrapper.v:]
WARNING: [filemgmt 56-199] Attempt to get parsing info during refresh. "On-the-fly" syntax checking information may be incorrect. [/home/luca/MyProjects/tb_platform/tb_platform.srcs/sim_1/new/tb_design.vhd:]
WARNING: [filemgmt 56-199] Attempt to get parsing info during refresh. "On-the-fly" syntax checking information may be incorrect. [/home/luca/MyProjects/tb_platform/tb_platform.srcs/sources_1/stream_tx.vhd:]
WARNING: [filemgmt 56-199] Attempt to get parsing info during refresh. "On-the-fly" syntax checking information may be incorrect. [/home/luca/MyProjects/tb_platform/tb_platform.srcs/sources_1/stream_tx.vhd:]
update_module_reference [get_ips  design_1_stream_tx_0_0]
INFO: [IP_Flow 19-5107] Inferred bus interface 'M_AXIS' of definition 'xilinx.com:interface:axis:1.0' (from Xilinx Repository).
INFO: [IP_Flow 19-5107] Inferred bus interface 'M_AXIS_ARESETN' of definition 'xilinx.com:signal:reset:1.0' (from Xilinx Repository).
INFO: [IP_Flow 19-5107] Inferred bus interface 'M_AXIS_ACLK' of definition 'xilinx.com:signal:clock:1.0' (from Xilinx Repository).
INFO: [IP_Flow 19-4728] Bus Interface 'M_AXIS_ARESETN': Added interface parameter 'POLARITY' with value 'ACTIVE_LOW'.
INFO: [IP_Flow 19-4728] Bus Interface 'M_AXIS_ACLK': Added interface parameter 'ASSOCIATED_BUSIF' with value 'M_AXIS'.
INFO: [IP_Flow 19-4728] Bus Interface 'M_AXIS_ACLK': Added interface parameter 'ASSOCIATED_RESET' with value 'M_AXIS_ARESETN'.
WARNING: [IP_Flow 19-11770] Clock interface 'M_AXIS_ACLK' has no FREQ_HZ parameter.
INFO: [IP_Flow 19-5107] Inferred bus interface 'M_AXIS' of definition 'xilinx.com:interface:axis:1.0' (from Xilinx Repository).
INFO: [IP_Flow 19-5107] Inferred bus interface 'M_AXIS_ARESETN' of definition 'xilinx.com:signal:reset:1.0' (from Xilinx Repository).
INFO: [IP_Flow 19-5107] Inferred bus interface 'M_AXIS_ACLK' of definition 'xilinx.com:signal:clock:1.0' (from Xilinx Repository).
INFO: [IP_Flow 19-4728] Bus Interface 'M_AXIS_ARESETN': Added interface parameter 'POLARITY' with value 'ACTIVE_LOW'.
INFO: [IP_Flow 19-4728] Bus Interface 'M_AXIS_ACLK': Added interface parameter 'ASSOCIATED_BUSIF' with value 'M_AXIS'.
INFO: [IP_Flow 19-4728] Bus Interface 'M_AXIS_ACLK': Added interface parameter 'ASSOCIATED_RESET' with value 'M_AXIS_ARESETN'.
WARNING: [IP_Flow 19-11770] Clock interface 'M_AXIS_ACLK' has no FREQ_HZ parameter.
Upgrading '/home/luca/MyProjects/tb_platform/tb_platform.srcs/sources_1/bd/design_1/design_1.bd'
INFO: [IP_Flow 19-3420] Updated design_1_stream_tx_0_0 to use current project options
Wrote  : </home/luca/MyProjects/tb_platform/tb_platform.srcs/sources_1/bd/design_1/design_1.bd> 
update_module_reference: Time (s): cpu = 00:00:11 ; elapsed = 00:00:05 . Memory (MB): peak = 10727.102 ; gain = 10.000 ; free physical = 7610 ; free virtual = 14984
generate_target Simulation [get_files /home/luca/MyProjects/tb_platform/tb_platform.srcs/sources_1/bd/design_1/design_1.bd]
WARNING: [BD 41-926] Following properties on interface pin /myaxistream_v1_0_0/s_axis have been updated from connected ip, but BD cell '/myaxistream_v1_0_0' does not accept parameter changes, so they may not be synchronized with cell properties:
	TDATA_NUM_BYTES = 8

Please resolve any mismatches by directly setting properties on BD cell </myaxistream_v1_0_0> to completely resolve these warnings.
Wrote  : </home/luca/MyProjects/tb_platform/tb_platform.srcs/sources_1/bd/design_1/design_1.bd> 
VHDL Output written to : /home/luca/MyProjects/tb_platform/tb_platform.gen/sources_1/bd/design_1/synth/design_1.vhd
VHDL Output written to : /home/luca/MyProjects/tb_platform/tb_platform.gen/sources_1/bd/design_1/sim/design_1.vhd
VHDL Output written to : /home/luca/MyProjects/tb_platform/tb_platform.gen/sources_1/bd/design_1/hdl/design_1_wrapper.vhd
INFO: [BD 41-1029] Generation completed for the IP Integrator block stream_tx_0 .
Exporting to file /home/luca/MyProjects/tb_platform/tb_platform.gen/sources_1/bd/design_1/hw_handoff/design_1.hwh
Generated Hardware Definition File /home/luca/MyProjects/tb_platform/tb_platform.gen/sources_1/bd/design_1/synth/design_1.hwdef
export_ip_user_files -of_objects [get_files /home/luca/MyProjects/tb_platform/tb_platform.srcs/sources_1/bd/design_1/design_1.bd] -no_script -sync -force -quiet
export_simulation -of_objects [get_files /home/luca/MyProjects/tb_platform/tb_platform.srcs/sources_1/bd/design_1/design_1.bd] -directory /home/luca/MyProjects/tb_platform/tb_platform.ip_user_files/sim_scripts -ip_user_files_dir /home/luca/MyProjects/tb_platform/tb_platform.ip_user_files -ipstatic_source_dir /home/luca/MyProjects/tb_platform/tb_platform.ip_user_files/ipstatic -lib_map_path [list {modelsim=/home/luca/MyProjects/tb_platform/tb_platform.cache/compile_simlib/modelsim} {questa=/home/luca/MyProjects/tb_platform/tb_platform.cache/compile_simlib/questa} {xcelium=/home/luca/MyProjects/tb_platform/tb_platform.cache/compile_simlib/xcelium} {vcs=/home/luca/MyProjects/tb_platform/tb_platform.cache/compile_simlib/vcs} {riviera=/home/luca/MyProjects/tb_platform/tb_platform.cache/compile_simlib/riviera}] -use_ip_compiled_libs -force -quiet
launch_simulation
Command: launch_simulation 
INFO: [Vivado 12-12493] Simulation top is 'tb_design'
INFO: [Vivado 12-5682] Launching behavioral simulation in '/home/luca/MyProjects/tb_platform/tb_platform.sim/sim_1/behav/xsim'
INFO: [Vivado 12-13660] Precompiled IP simulation library mode is enabled (default). The design IP libraries will be referenced from the compiled library path. Please note that if the precompiled version of the library is not found from the path or the IP is in locked state, then the library source files for these IPs will be compiled locally as part of the compile order.
INFO: [Vivado 12-4795] Using compiled simulation libraries for IPs
INFO: [SIM-utils-51] Simulation object is 'sim_1'
INFO: [SIM-utils-72] Using boost library from '/tools/Xilinx/2025.1/Vivado/tps/boost_1_72_0'
INFO: [USF-XSim-7] Finding pre-compiled libraries...
INFO: [USF-XSim-11] File '/tools/Xilinx/2025.1/data/xsim/xsim.ini' copied to run dir:'/home/luca/MyProjects/tb_platform/tb_platform.sim/sim_1/behav/xsim'
INFO: [SIM-utils-54] Inspecting design source files for 'tb_design' in fileset 'sim_1'...
INFO: [SIM-utils-43] Exported '/home/luca/MyProjects/tb_platform/tb_platform.sim/sim_1/behav/xsim/mem_init.coe'
INFO: [SIM-utils-43] Exported '/home/luca/MyProjects/tb_platform/tb_platform.sim/sim_1/behav/xsim/design_1_blk_mem_gen_0_1.mif'
INFO: [USF-XSim-97] Finding global include files...
INFO: [USF-XSim-98] Fetching design files from 'sim_1'...
INFO: [USF-XSim-2] XSim::Compile design
INFO: [USF-XSim-61] Executing 'COMPILE and ANALYZE' step in '/home/luca/MyProjects/tb_platform/tb_platform.sim/sim_1/behav/xsim'
xvlog --incr --relax -prj tb_design_vlog.prj
xvhdl --incr --relax -prj tb_design_vhdl.prj
INFO: [VRFC 10-163] Analyzing VHDL file "/home/luca/MyProjects/tb_platform/tb_platform.srcs/sources_1/stream_tx.vhd" into library xil_defaultlib
INFO: [VRFC 10-3107] analyzing entity 'stream_tx'
INFO: [VRFC 10-163] Analyzing VHDL file "/home/luca/MyProjects/tb_platform/tb_platform.ip_user_files/bd/design_1/ip/design_1_stream_tx_0_0/sim/design_1_stream_tx_0_0.vhd" into library xil_defaultlib
INFO: [VRFC 10-3107] analyzing entity 'design_1_stream_tx_0_0'
INFO: [VRFC 10-163] Analyzing VHDL file "/home/luca/MyProjects/tb_platform/tb_platform.ip_user_files/bd/design_1/sim/design_1.vhd" into library xil_defaultlib
INFO: [VRFC 10-3107] analyzing entity 'design_1'
INFO: [VRFC 10-163] Analyzing VHDL file "/home/luca/MyProjects/tb_platform/tb_platform.gen/sources_1/bd/design_1/hdl/design_1_wrapper.vhd" into library xil_defaultlib
INFO: [VRFC 10-3107] analyzing entity 'design_1_wrapper'
Waiting for jobs to finish...
No pending jobs, compilation finished.
INFO: [USF-XSim-69] 'compile' step finished in '4' seconds
INFO: [USF-XSim-3] XSim::Elaborate design
INFO: [USF-XSim-61] Executing 'ELABORATE' step in '/home/luca/MyProjects/tb_platform/tb_platform.sim/sim_1/behav/xsim'
xelab --incr --debug typical --relax --mt 8 -L xil_defaultlib -L blk_mem_gen_v8_4_11 -L unisims_ver -L unimacro_ver -L secureip -L xpm --snapshot tb_design_behav xil_defaultlib.tb_design xil_defaultlib.glbl -log elaborate.log
Vivado Simulator v2025.1.0
Copyright 1986-2022 Xilinx, Inc. All Rights Reserved.
Copyright 2022-2025 Advanced Micro Devices, Inc. All Rights Reserved.
Running: /tools/Xilinx/2025.1/Vivado/bin/unwrapped/lnx64.o/xelab --incr --debug typical --relax --mt 8 -L xil_defaultlib -L blk_mem_gen_v8_4_11 -L unisims_ver -L unimacro_ver -L secureip -L xpm --snapshot tb_design_behav xil_defaultlib.tb_design xil_defaultlib.glbl -log elaborate.log 
Using 8 slave threads.
WARNING: [XSIM 43-3431] One or more environment variables have been detected which affect the operation of the C compiler. These are typically not set in standard installations and are not tested by AMD, however they may be appropriate for your system, so the flow will attempt to continue.  If errors occur, try running xelab with the "-mt off -v 1" switches to see more information from the C compiler. The following environment variables have been detected:
    LIBRARY_PATH
Starting static elaboration
Pass Through NonSizing Optimizer
Completed static elaboration
Starting simulation data flow analysis
Completed simulation data flow analysis
Time Resolution for simulation is 1ps
Compiling package std.standard
Compiling package std.textio
Compiling package ieee.std_logic_1164
Compiling package ieee.numeric_std
Compiling package unisim.vcomponents
Compiling package vl.vl_types
Compiling module xil_defaultlib.glbl
Compiling module blk_mem_gen_v8_4_11.blk_mem_gen_v8_4_11_output_stage...
Compiling module blk_mem_gen_v8_4_11.blk_mem_gen_v8_4_11_output_stage...
Compiling module blk_mem_gen_v8_4_11.blk_mem_gen_v8_4_11_softecc_outp...
Compiling module blk_mem_gen_v8_4_11.blk_mem_gen_v8_4_11_mem_module(C...
Compiling module blk_mem_gen_v8_4_11.blk_mem_gen_v8_4_11(C_FAMILY="zy...
Compiling module xil_defaultlib.design_1_blk_mem_gen_0_1
Compiling architecture arch_imp of entity xil_defaultlib.myaxistream_v1_0_S_AXIS [myaxistream_v1_0_s_axis_default]
Compiling architecture arch_imp of entity xil_defaultlib.myaxistream_v1_0 [myaxistream_v1_0_default]
Compiling architecture design_1_myaxistream_v1_0_0_0_arch of entity xil_defaultlib.design_1_myaxistream_v1_0_0_0 [design_1_myaxistream_v1_0_0_0_de...]
Compiling architecture rtl of entity xil_defaultlib.stream_tx [stream_tx_default]
Compiling architecture design_1_stream_tx_0_0_arch of entity xil_defaultlib.design_1_stream_tx_0_0 [design_1_stream_tx_0_0_default]
Compiling architecture structure of entity xil_defaultlib.design_1 [design_1_default]
Compiling architecture structure of entity xil_defaultlib.design_1_wrapper [design_1_wrapper_default]
Compiling architecture behavioral of entity xil_defaultlib.tb_design
Built simulation snapshot tb_design_behav
INFO: [USF-XSim-69] 'elaborate' step finished in '5' seconds
INFO: [USF-XSim-4] XSim::Simulate design
INFO: [USF-XSim-61] Executing 'SIMULATE' step in '/home/luca/MyProjects/tb_platform/tb_platform.sim/sim_1/behav/xsim'
INFO: [USF-XSim-98] *** Running xsim
   with args "tb_design_behav -key {Behavioral:sim_1:Functional:tb_design} -tclbatch {tb_design.tcl} -protoinst "protoinst_files/design_1.protoinst" -log {simulate.log}"
INFO: [USF-XSim-8] Loading simulator feature
INFO: [Wavedata 42-565] Reading protoinst file protoinst_files/design_1.protoinst
INFO: [Wavedata 42-564]   Found protocol instance at /tb_design/DUT/design_1_i//myaxistream_v1_0_0/s_axis
INFO: [Wavedata 42-564]   Found protocol instance at /tb_design/DUT/design_1_i//stream_tx_0/M_AXIS
Time resolution is 1 ps
source tb_design.tcl
# set curr_wave [current_wave_config]
# if { [string length $curr_wave] == 0 } {
#   if { [llength [get_objects]] > 0} {
#     add_wave /
#     set_property needs_save false [current_wave_config]
#   } else {
#      send_msg_id Add_Wave-1 WARNING "No top level signals found. Simulator will start without a wave window. If you want to open a wave window go to 'File->New Waveform Configuration' or type 'create_wave_config' in the TCL console."
#   }
# }
# run 1000ns
 Block Memory Generator module loading initial data...
 Block Memory Generator data initialization complete.
Block Memory Generator module tb_design.DUT.design_1_i.blk_mem_gen_0.inst.native_mem_module.blk_mem_gen_v8_4_11_inst is using a behavioral model for simulation which will not precisely model memory collision behavior.
INFO: [USF-XSim-96] XSim completed. Design snapshot 'tb_design_behav' loaded.
INFO: [USF-XSim-97] XSim simulation ran for 1000ns
launch_simulation: Time (s): cpu = 00:00:15 ; elapsed = 00:00:14 . Memory (MB): peak = 10732.113 ; gain = 0.000 ; free physical = 7810 ; free virtual = 15186
WARNING: [filemgmt 56-199] Attempt to get parsing info during refresh. "On-the-fly" syntax checking information may be incorrect. [/home/luca/MyProjects/tb_platform/tb_platform.gen/sources_1/bd/design_1/hdl/design_1_wrapper.vhd:]
WARNING: [filemgmt 56-199] Attempt to get parsing info during refresh. "On-the-fly" syntax checking information may be incorrect. [/home/luca/MyProjects/tb_platform/tb_platform.srcs/sources_1/stream_tx.vhd:]
WARNING: [filemgmt 56-199] Attempt to get parsing info during refresh. "On-the-fly" syntax checking information may be incorrect. [/home/luca/MyProjects/tb_platform/tb_platform.gen/sources_1/bd/design_1/hdl/design_1_wrapper.v:]
WARNING: [filemgmt 56-199] Attempt to get parsing info during refresh. "On-the-fly" syntax checking information may be incorrect. [/home/luca/MyProjects/tb_platform/tb_platform.srcs/sim_1/new/tb_design.vhd:]
WARNING: [filemgmt 56-199] Attempt to get parsing info during refresh. "On-the-fly" syntax checking information may be incorrect. [/home/luca/MyProjects/tb_platform/tb_platform.srcs/sim_1/new/tb_design.vhd:]
WARNING: [filemgmt 56-199] Attempt to get parsing info during refresh. "On-the-fly" syntax checking information may be incorrect. [/home/luca/MyProjects/tb_platform/tb_platform.srcs/sim_1/new/tb_design.vhd:]
WARNING: [filemgmt 56-199] Attempt to get parsing info during refresh. "On-the-fly" syntax checking information may be incorrect. [/home/luca/MyProjects/tb_platform/tb_platform.gen/sources_1/bd/design_1/hdl/design_1_wrapper.vhd:]
WARNING: [filemgmt 56-199] Attempt to get parsing info during refresh. "On-the-fly" syntax checking information may be incorrect. [/home/luca/MyProjects/tb_platform/tb_platform.srcs/sources_1/stream_tx.vhd:]
WARNING: [filemgmt 56-199] Attempt to get parsing info during refresh. "On-the-fly" syntax checking information may be incorrect. [/home/luca/MyProjects/tb_platform/tb_platform.gen/sources_1/bd/design_1/hdl/design_1_wrapper.v:]
WARNING: [filemgmt 56-199] Attempt to get parsing info during refresh. "On-the-fly" syntax checking information may be incorrect. [/home/luca/MyProjects/tb_platform/tb_platform.srcs/sim_1/new/tb_design.vhd:]
WARNING: [filemgmt 56-199] Attempt to get parsing info during refresh. "On-the-fly" syntax checking information may be incorrect. [/home/luca/MyProjects/tb_platform/tb_platform.srcs/sources_1/stream_tx.vhd:]
WARNING: [filemgmt 56-199] Attempt to get parsing info during refresh. "On-the-fly" syntax checking information may be incorrect. [/home/luca/MyProjects/tb_platform/tb_platform.srcs/sources_1/stream_tx.vhd:]
WARNING: [filemgmt 56-199] Attempt to get parsing info during refresh. "On-the-fly" syntax checking information may be incorrect. [/home/luca/MyProjects/tb_platform/tb_platform.gen/sources_1/bd/design_1/hdl/design_1_wrapper.vhd:]
WARNING: [filemgmt 56-199] Attempt to get parsing info during refresh. "On-the-fly" syntax checking information may be incorrect. [/home/luca/MyProjects/tb_platform/tb_platform.srcs/sources_1/stream_tx.vhd:]
WARNING: [filemgmt 56-199] Attempt to get parsing info during refresh. "On-the-fly" syntax checking information may be incorrect. [/home/luca/MyProjects/tb_platform/tb_platform.gen/sources_1/bd/design_1/hdl/design_1_wrapper.v:]
WARNING: [filemgmt 56-199] Attempt to get parsing info during refresh. "On-the-fly" syntax checking information may be incorrect. [/home/luca/MyProjects/tb_platform/tb_platform.srcs/sim_1/new/tb_design.vhd:]
WARNING: [filemgmt 56-199] Attempt to get parsing info during refresh. "On-the-fly" syntax checking information may be incorrect. [/home/luca/MyProjects/tb_platform/tb_platform.gen/sources_1/bd/design_1/hdl/design_1_wrapper.vhd:]
WARNING: [filemgmt 56-199] Attempt to get parsing info during refresh. "On-the-fly" syntax checking information may be incorrect. [/home/luca/MyProjects/tb_platform/tb_platform.gen/sources_1/bd/design_1/hdl/design_1_wrapper.vhd:]
WARNING: [filemgmt 56-199] Attempt to get parsing info during refresh. "On-the-fly" syntax checking information may be incorrect. [/home/luca/MyProjects/tb_platform/tb_platform.gen/sources_1/bd/design_1/hdl/design_1_wrapper.vhd:]
WARNING: [filemgmt 56-199] Attempt to get parsing info during refresh. "On-the-fly" syntax checking information may be incorrect. [/home/luca/MyProjects/tb_platform/tb_platform.srcs/sources_1/stream_tx.vhd:]
WARNING: [filemgmt 56-199] Attempt to get parsing info during refresh. "On-the-fly" syntax checking information may be incorrect. [/home/luca/MyProjects/tb_platform/tb_platform.gen/sources_1/bd/design_1/hdl/design_1_wrapper.v:]
WARNING: [filemgmt 56-199] Attempt to get parsing info during refresh. "On-the-fly" syntax checking information may be incorrect. [/home/luca/MyProjects/tb_platform/tb_platform.srcs/sim_1/new/tb_design.vhd:]
WARNING: [filemgmt 56-199] Attempt to get parsing info during refresh. "On-the-fly" syntax checking information may be incorrect. [/home/luca/MyProjects/tb_platform/tb_platform.srcs/sim_1/new/tb_design.vhd:]
WARNING: [filemgmt 56-199] Attempt to get parsing info during refresh. "On-the-fly" syntax checking information may be incorrect. [/home/luca/MyProjects/tb_platform/tb_platform.srcs/sim_1/new/tb_design.vhd:]
current_sim simulation_1
close_sim
INFO: [Simtcl 6-16] Simulation closed
relaunch_sim
Command: launch_simulation -step compile -simset sim_1 -mode behavioral
INFO: [Vivado 12-12493] Simulation top is 'tb_design'
INFO: [Vivado 12-5682] Launching behavioral simulation in '/home/luca/MyProjects/tb_platform/tb_platform.sim/sim_1/behav/xsim'
INFO: [Vivado 12-13660] Precompiled IP simulation library mode is enabled (default). The design IP libraries will be referenced from the compiled library path. Please note that if the precompiled version of the library is not found from the path or the IP is in locked state, then the library source files for these IPs will be compiled locally as part of the compile order.
INFO: [Vivado 12-4795] Using compiled simulation libraries for IPs
INFO: [SIM-utils-51] Simulation object is 'sim_1'
INFO: [USF-XSim-2] XSim::Compile design
INFO: [USF-XSim-61] Executing 'COMPILE and ANALYZE' step in '/home/luca/MyProjects/tb_platform/tb_platform.sim/sim_1/behav/xsim'
xvlog --incr --relax -prj tb_design_vlog.prj
xvhdl --incr --relax -prj tb_design_vhdl.prj
INFO: [VRFC 10-163] Analyzing VHDL file "/home/luca/MyProjects/tb_platform/tb_platform.srcs/sim_1/new/tb_design.vhd" into library xil_defaultlib
INFO: [VRFC 10-3107] analyzing entity 'tb_design'
Waiting for jobs to finish...
No pending jobs, compilation finished.
INFO: [USF-XSim-69] 'compile' step finished in '3' seconds
Command: launch_simulation -step elaborate -simset sim_1 -mode behavioral
INFO: [Vivado 12-12493] Simulation top is 'tb_design'
INFO: [Vivado 12-5682] Launching behavioral simulation in '/home/luca/MyProjects/tb_platform/tb_platform.sim/sim_1/behav/xsim'
INFO: [Vivado 12-13660] Precompiled IP simulation library mode is enabled (default). The design IP libraries will be referenced from the compiled library path. Please note that if the precompiled version of the library is not found from the path or the IP is in locked state, then the library source files for these IPs will be compiled locally as part of the compile order.
INFO: [Vivado 12-4795] Using compiled simulation libraries for IPs
INFO: [SIM-utils-51] Simulation object is 'sim_1'
INFO: [USF-XSim-3] XSim::Elaborate design
INFO: [USF-XSim-61] Executing 'ELABORATE' step in '/home/luca/MyProjects/tb_platform/tb_platform.sim/sim_1/behav/xsim'
xelab --incr --debug typical --relax --mt 8 -L xil_defaultlib -L blk_mem_gen_v8_4_11 -L unisims_ver -L unimacro_ver -L secureip -L xpm --snapshot tb_design_behav xil_defaultlib.tb_design xil_defaultlib.glbl -log elaborate.log
Vivado Simulator v2025.1.0
Copyright 1986-2022 Xilinx, Inc. All Rights Reserved.
Copyright 2022-2025 Advanced Micro Devices, Inc. All Rights Reserved.
Running: /tools/Xilinx/2025.1/Vivado/bin/unwrapped/lnx64.o/xelab --incr --debug typical --relax --mt 8 -L xil_defaultlib -L blk_mem_gen_v8_4_11 -L unisims_ver -L unimacro_ver -L secureip -L xpm --snapshot tb_design_behav xil_defaultlib.tb_design xil_defaultlib.glbl -log elaborate.log 
Using 8 slave threads.
WARNING: [XSIM 43-3431] One or more environment variables have been detected which affect the operation of the C compiler. These are typically not set in standard installations and are not tested by AMD, however they may be appropriate for your system, so the flow will attempt to continue.  If errors occur, try running xelab with the "-mt off -v 1" switches to see more information from the C compiler. The following environment variables have been detected:
    LIBRARY_PATH
Starting static elaboration
Pass Through NonSizing Optimizer
Completed static elaboration
Starting simulation data flow analysis
Completed simulation data flow analysis
Time Resolution for simulation is 1ps
Compiling package std.standard
Compiling package std.textio
Compiling package ieee.std_logic_1164
Compiling package ieee.numeric_std
Compiling package unisim.vcomponents
Compiling package vl.vl_types
Compiling module xil_defaultlib.glbl
Compiling module blk_mem_gen_v8_4_11.blk_mem_gen_v8_4_11_output_stage...
Compiling module blk_mem_gen_v8_4_11.blk_mem_gen_v8_4_11_output_stage...
Compiling module blk_mem_gen_v8_4_11.blk_mem_gen_v8_4_11_softecc_outp...
Compiling module blk_mem_gen_v8_4_11.blk_mem_gen_v8_4_11_mem_module(C...
Compiling module blk_mem_gen_v8_4_11.blk_mem_gen_v8_4_11(C_FAMILY="zy...
Compiling module xil_defaultlib.design_1_blk_mem_gen_0_1
Compiling architecture arch_imp of entity xil_defaultlib.myaxistream_v1_0_S_AXIS [myaxistream_v1_0_s_axis_default]
Compiling architecture arch_imp of entity xil_defaultlib.myaxistream_v1_0 [myaxistream_v1_0_default]
Compiling architecture design_1_myaxistream_v1_0_0_0_arch of entity xil_defaultlib.design_1_myaxistream_v1_0_0_0 [design_1_myaxistream_v1_0_0_0_de...]
Compiling architecture rtl of entity xil_defaultlib.stream_tx [stream_tx_default]
Compiling architecture design_1_stream_tx_0_0_arch of entity xil_defaultlib.design_1_stream_tx_0_0 [design_1_stream_tx_0_0_default]
Compiling architecture structure of entity xil_defaultlib.design_1 [design_1_default]
Compiling architecture structure of entity xil_defaultlib.design_1_wrapper [design_1_wrapper_default]
Compiling architecture behavioral of entity xil_defaultlib.tb_design
Built simulation snapshot tb_design_behav
INFO: [USF-XSim-69] 'elaborate' step finished in '5' seconds
launch_simulation: Time (s): cpu = 00:00:06 ; elapsed = 00:00:06 . Memory (MB): peak = 10768.922 ; gain = 0.000 ; free physical = 7750 ; free virtual = 15127
INFO: [Wavedata 42-565] Reading protoinst file protoinst_files/design_1.protoinst
INFO: [Wavedata 42-564]   Found protocol instance at /tb_design/DUT/design_1_i//myaxistream_v1_0_0/s_axis
INFO: [Wavedata 42-564]   Found protocol instance at /tb_design/DUT/design_1_i//stream_tx_0/M_AXIS
Time resolution is 1 ps
 Block Memory Generator module loading initial data...
 Block Memory Generator data initialization complete.
Block Memory Generator module tb_design.DUT.design_1_i.blk_mem_gen_0.inst.native_mem_module.blk_mem_gen_v8_4_11_inst is using a behavioral model for simulation which will not precisely model memory collision behavior.
relaunch_sim: Time (s): cpu = 00:00:15 ; elapsed = 00:00:14 . Memory (MB): peak = 10768.922 ; gain = 0.000 ; free physical = 7761 ; free virtual = 15138
close_sim
INFO: [Simtcl 6-16] Simulation closed
exit
INFO: [Common 17-206] Exiting Vivado at Fri Nov 21 13:29:09 2025...
